Period,Area of Residence,Total Visits,Total Spending in millions,Nights Spent,Purpose of Visit,Year,Visits by Purpose,Spending in millions,Number of visits by Air,Number of visits by Sea and Tunnel
2019,North America,5373000,4918,36859000,Holiday - All,2019,2576000,2542,2041000,534000
2019,North America,5373000,4918,36859000,Holiday - Inclusive tour,2019,422000,494,297000,125000
2019,North America,5373000,4918,36859000,Business,2019,882000,1213,841000,41000
2019,North America,5373000,4918,36859000,Visit friends or relatives,2019,1391000,851,1313000,78000
2019,North America,5373000,4918,36859000,Miscellaneous,2019,524000,298,514000,10000
2019,North America,5373000,4918,36859000,All visits,2019,5373000,4918,4710000,663000
2020,North America,1171000,,,Holiday - All,2020,,,,
2020,North America,1171000,,,Holiday - Inclusive tour,2020,,,,
2020,North America,1171000,,,Business,2020,,,,
2020,North America,1171000,,,Visit friends or relatives,2020,,,,
2020,North America,1171000,,,Miscellaneous,2020,,,,
2020,North America,1171000,,,All visits,2020,1171000,,,
2021,North America,792000,932,12962000,Holiday - All,2021,175000,223,129000,46000
2021,North America,792000,932,12962000,Holiday - Inclusive tour,2021,9000,12,6000,2000
2021,North America,792000,932,12962000,Business,2021,96000,181,90000,6000
2021,North America,792000,932,12962000,Visit friends or relatives,2021,437000,417,423000,14000
2021,North America,792000,932,12962000,Miscellaneous,2021,84000,110,82000,2000
2021,North America,792000,932,12962000,All visits,2021,792000,932,724000,68000
2022,North America,5483000,6896,48770000,Holiday - All,2022,2537000,3577,2009000,527000
2022,North America,5483000,6896,48770000,Holiday - Inclusive tour,2022,221000,477,177000,44000
2022,North America,5483000,6896,48770000,Business,2022,640000,1342,586000,54000
2022,North America,5483000,6896,48770000,Visit friends or relatives,2022,1744000,1529,1643000,102000
2022,North America,5483000,6896,48770000,Miscellaneous,2022,562000,435,538000,24000
2022,North America,5483000,6896,48770000,All visits,2022,5483000,6896,4776000,707000
2023,North America,6125000,7227,49139000,Holiday - All,2023,3038000,4140,2443000,596000
2023,North America,6125000,7227,49139000,Holiday - Inclusive tour,2023,315000,520,254000,61000
2023,North America,6125000,7227,49139000,Business,2023,675000,1137,634000,41000
2023,North America,6125000,7227,49139000,Visit friends or relatives,2023,1732000,1516,1614000,118000
2023,North America,6125000,7227,49139000,Miscellaneous,2023,680000,410,661000,18000
2023,North America,6125000,7227,49139000,All visits,2023,6125000,7227,5352000,773000
2019 Q1,North America,900000,818,6263000,Holiday - All,2019 Q1,351000,296,275000,76000
2019 Q1,North America,900000,818,6263000,Holiday - Inclusive tour,2019 Q1,50000,46,25000,25000
2019 Q1,North America,900000,818,6263000,Business,2019 Q1,213000,324,205000,8000
2019 Q1,North America,900000,818,6263000,Visit friends or relatives,2019 Q1,254000,135,236000,18000
2019 Q1,North America,900000,818,6263000,Miscellaneous,2019 Q1,82000,61,80000,2000
2019 Q1,North America,900000,818,6263000,All visits,2019 Q1,900000,818,796000,104000
2019 Q2,North America,1537000,1462,9621000,Holiday - All,2019 Q2,791000,784,596000,196000
2019 Q2,North America,1537000,1462,9621000,Holiday - Inclusive tour,2019 Q2,148000,169,94000,55000
2019 Q2,North America,1537000,1462,9621000,Business,2019 Q2,248000,379,236000,12000
2019 Q2,North America,1537000,1462,9621000,Visit friends or relatives,2019 Q2,364000,210,334000,30000
2019 Q2,North America,1537000,1462,9621000,Miscellaneous,2019 Q2,134000,85,132000,2000
2019 Q2,North America,1537000,1462,9621000,All visits,2019 Q2,1537000,1462,1297000,240000
2019 Q3,North America,1745000,1598,12806000,Holiday - All,2019 Q3,916000,964,743000,173000
2019 Q3,North America,1745000,1598,12806000,Holiday - Inclusive tour,2019 Q3,162000,213,124000,38000
2019 Q3,North America,1745000,1598,12806000,Business,2019 Q3,209000,254,199000,10000
2019 Q3,North America,1745000,1598,12806000,Visit friends or relatives,2019 Q3,433000,289,419000,14000
2019 Q3,North America,1745000,1598,12806000,Miscellaneous,2019 Q3,187000,87,181000,5000
2019 Q3,North America,1745000,1598,12806000,All visits,2019 Q3,1745000,1598,1543000,202000
2019 Q4,North America,1191000,1041,8169000,Holiday - All,2019 Q4,518000,499,428000,90000
2019 Q4,North America,1191000,1041,8169000,Holiday - Inclusive tour,2019 Q4,62000,66,55000,7000
2019 Q4,North America,1191000,1041,8169000,Business,2019 Q4,212000,257,201000,11000
2019 Q4,North America,1191000,1041,8169000,Visit friends or relatives,2019 Q4,340000,217,324000,16000
2019 Q4,North America,1191000,1041,8169000,Miscellaneous,2019 Q4,121000,66,121000,0
2019 Q4,North America,1191000,1041,8169000,All visits,2019 Q4,1191000,1041,1073000,117000
2020 Q1,North America,31000,31,1398000,Holiday - All,2020 Q1,1000,1,1000,0
2020 Q1,North America,31000,31,1398000,Holiday - Inclusive tour,2020 Q1,0,0,0,0
2020 Q1,North America,31000,31,1398000,Business,2020 Q1,2000,7,2000,0
2020 Q1,North America,31000,31,1398000,Visit friends or relatives,2020 Q1,25000,20,25000,0
2020 Q1,North America,31000,31,1398000,Miscellaneous,2020 Q1,4000,3,4000,0
2020 Q1,North America,31000,31,1398000,All visits,2020 Q1,31000,31,31000,0
2020 Q2,North America,51000,68,1946000,Holiday - All,2020 Q2,1000,3,1000,0
2020 Q2,North America,51000,68,1946000,Holiday - Inclusive tour,2020 Q2,0,0,0,0
2020 Q2,North America,51000,68,1946000,Business,2020 Q2,5000,17,5000,0
2020 Q2,North America,51000,68,1946000,Visit friends or relatives,2020 Q2,35000,38,35000,0
2020 Q2,North America,51000,68,1946000,Miscellaneous,2020 Q2,9000,10,9000,0
2020 Q2,North America,51000,68,1946000,All visits,2020 Q2,51000,68,50000,0
2020 Q3,North America,289000,329,4805000,Holiday - All,2020 Q3,45000,65,41000,5000
2020 Q3,North America,289000,329,4805000,Holiday - Inclusive tour,2020 Q3,2000,3,2000,0
2020 Q3,North America,289000,329,4805000,Business,2020 Q3,29000,57,28000,1000
2020 Q3,North America,289000,329,4805000,Visit friends or relatives,2020 Q3,179000,165,176000,3000
2020 Q3,North America,289000,329,4805000,Miscellaneous,2020 Q3,37000,40,36000,1000
2020 Q3,North America,289000,329,4805000,All visits,2020 Q3,289000,329,281000,9000
2020 Q4,North America,421000,504,4814000,Holiday - All,2020 Q4,127000,153,86000,41000
2020 Q4,North America,421000,504,4814000,Holiday - Inclusive tour,2020 Q4,7000,9,5000,2000
2020 Q4,North America,421000,504,4814000,Business,2020 Q4,60000,100,55000,5000
2020 Q4,North America,421000,504,4814000,Visit friends or relatives,2020 Q4,198000,193,187000,11000
2020 Q4,North America,421000,504,4814000,Miscellaneous,2020 Q4,35000,57,34000,1000
2020 Q4,North America,421000,504,4814000,All visits,2020 Q4,421000,504,362000,58000
2021 Q1,North America,31000,31,1398000,Holiday - All,2021 Q1,1000,1,1000,0
2021 Q1,North America,31000,31,1398000,Holiday - Inclusive tour,2021 Q1,0,0,0,0
2021 Q1,North America,31000,31,1398000,Business,2021 Q1,2000,7,2000,0
2021 Q1,North America,31000,31,1398000,Visit friends or relatives,2021 Q1,25000,20,25000,0
2021 Q1,North America,31000,31,1398000,Miscellaneous,2021 Q1,4000,3,4000,0
2021 Q1,North America,31000,31,1398000,All visits,2021 Q1,31000,31,31000,0
2021 Q2,North America,51000,68,1946000,Holiday - All,2021 Q2,1000,3,1000,0
2021 Q2,North America,51000,68,1946000,Holiday - Inclusive tour,2021 Q2,0,0,0,0
2021 Q2,North America,51000,68,1946000,Business,2021 Q2,5000,17,5000,0
2021 Q2,North America,51000,68,1946000,Visit friends or relatives,2021 Q2,35000,38,35000,0
2021 Q2,North America,51000,68,1946000,Miscellaneous,2021 Q2,9000,10,9000,0
2021 Q2,North America,51000,68,1946000,All visits,2021 Q2,51000,68,50000,0
2021 Q3,North America,289000,329,4805000,Holiday - All,2021 Q3,45000,65,41000,5000
2021 Q3,North America,289000,329,4805000,Holiday - Inclusive tour,2021 Q3,2000,3,2000,0
2021 Q3,North America,289000,329,4805000,Business,2021 Q3,29000,57,28000,1000
2021 Q3,North America,289000,329,4805000,Visit friends or relatives,2021 Q3,179000,165,176000,3000
2021 Q3,North America,289000,329,4805000,Miscellaneous,2021 Q3,37000,40,36000,1000
2021 Q3,North America,289000,329,4805000,All visits,2021 Q3,289000,329,281000,9000
2021 Q4,North America,421000,504,4814000,Holiday - All,2021 Q4,127000,153,86000,41000
2021 Q4,North America,421000,504,4814000,Holiday - Inclusive tour,2021 Q4,7000,9,5000,2000
2021 Q4,North America,421000,504,4814000,Business,2021 Q4,60000,100,55000,5000
2021 Q4,North America,421000,504,4814000,Visit friends or relatives,2021 Q4,198000,193,187000,11000
2021 Q4,North America,421000,504,4814000,Miscellaneous,2021 Q4,35000,57,34000,1000
2021 Q4,North America,421000,504,4814000,All visits,2021 Q4,421000,504,362000,58000
2022 Q1,North America,415000,447,4500000,Holiday - All,2022 Q1,135000,158,93000,42000
2022 Q1,North America,415000,447,4500000,Holiday - Inclusive tour,2022 Q1,7000,5,2000,5000
2022 Q1,North America,415000,447,4500000,Business,2022 Q1,65000,109,54000,11000
2022 Q1,North America,415000,447,4500000,Visit friends or relatives,2022 Q1,184000,147,167000,17000
2022 Q1,North America,415000,447,4500000,Miscellaneous,2022 Q1,31000,33,28000,3000
2022 Q1,North America,415000,447,4500000,All visits,2022 Q1,415000,447,342000,74000
2022 Q2,North America,1587000,2113,14617000,Holiday - All,2022 Q2,809000,1131,574000,235000
2022 Q2,North America,1587000,2113,14617000,Holiday - Inclusive tour,2022 Q2,90000,206,64000,26000
2022 Q2,North America,1587000,2113,14617000,Business,2022 Q2,204000,405,180000,23000
2022 Q2,North America,1587000,2113,14617000,Visit friends or relatives,2022 Q2,438000,392,413000,25000
2022 Q2,North America,1587000,2113,14617000,Miscellaneous,2022 Q2,138000,181,128000,9000
2022 Q2,North America,1587000,2113,14617000,All visits,2022 Q2,1587000,2113,1295000,293000
2022 Q3,North America,2157000,2734,18955000,Holiday - All,2022 Q3,1064000,1532,896000,168000
2022 Q3,North America,2157000,2734,18955000,Holiday - Inclusive tour,2022 Q3,89000,193,79000,9000
2022 Q3,North America,2157000,2734,18955000,Business,2022 Q3,191000,451,186000,6000
2022 Q3,North America,2157000,2734,18955000,Visit friends or relatives,2022 Q3,661000,611,623000,37000
2022 Q3,North America,2157000,2734,18955000,Miscellaneous,2022 Q3,241000,133,232000,9000
2022 Q3,North America,2157000,2734,18955000,All visits,2022 Q3,2157000,2734,1936000,220000
2022 Q4,North America,1324000,1601,10698000,Holiday - All,2022 Q4,529000,756,447000,82000
2022 Q4,North America,1324000,1601,10698000,Holiday - Inclusive tour,2022 Q4,35000,73,31000,4000
2022 Q4,North America,1324000,1601,10698000,Business,2022 Q4,180000,376,166000,13000
2022 Q4,North America,1324000,1601,10698000,Visit friends or relatives,2022 Q4,462000,378,440000,22000
2022 Q4,North America,1324000,1601,10698000,Miscellaneous,2022 Q4,153000,89,150000,3000
2022 Q4,North America,1324000,1601,10698000,All visits,2022 Q4,1324000,1601,1203000,121000
2023 Q1,North America,994000,1093,7729000,Holiday - All,2023 Q1,355000,412,287000,69000
2023 Q1,North America,994000,1093,7729000,Holiday - Inclusive tour,2023 Q1,22000,33,22000,0
2023 Q1,North America,994000,1093,7729000,Business,2023 Q1,163000,264,154000,9000
2023 Q1,North America,994000,1093,7729000,Visit friends or relatives,2023 Q1,355000,281,326000,29000
2023 Q1,North America,994000,1093,7729000,Miscellaneous,2023 Q1,120000,131,118000,2000
2023 Q1,North America,994000,1093,7729000,All visits,2023 Q1,994000,1093,885000,108000
2023 Q2,North America,1955000,2288,14514000,Holiday - All,2023 Q2,1091000,1459,857000,234000
2023 Q2,North America,1955000,2288,14514000,Holiday - Inclusive tour,2023 Q2,113000,181,84000,29000
2023 Q2,North America,1955000,2288,14514000,Business,2023 Q2,203000,304,194000,9000
2023 Q2,North America,1955000,2288,14514000,Visit friends or relatives,2023 Q2,456000,432,416000,40000
2023 Q2,North America,1955000,2288,14514000,Miscellaneous,2023 Q2,205000,86,202000,4000
2023 Q2,North America,1955000,2288,14514000,All visits,2023 Q2,1955000,2288,1668000,286000
2023 Q3,North America,1930000,2376,17187000,Holiday - All,2023 Q3,1071000,1535,863000,208000
2023 Q3,North America,1930000,2376,17187000,Holiday - Inclusive tour,2023 Q3,127000,244,104000,23000
2023 Q3,North America,1930000,2376,17187000,Business,2023 Q3,141000,280,133000,9000
2023 Q3,North America,1930000,2376,17187000,Visit friends or relatives,2023 Q3,521000,457,491000,29000
2023 Q3,North America,1930000,2376,17187000,Miscellaneous,2023 Q3,197000,94,191000,5000
2023 Q3,North America,1930000,2376,17187000,All visits,2023 Q3,1930000,2376,1679000,251000
2023 Q4,North America,1247000,1471,9709000,Holiday - All,2023 Q4,521000,733,436000,85000
2023 Q4,North America,1247000,1471,9709000,Holiday - Inclusive tour,2023 Q4,54000,61,44000,10000
2023 Q4,North America,1247000,1471,9709000,Business,2023 Q4,168000,289,153000,14000
2023 Q4,North America,1247000,1471,9709000,Visit friends or relatives,2023 Q4,400000,345,381000,19000
2023 Q4,North America,1247000,1471,9709000,Miscellaneous,2023 Q4,158000,100,150000,8000
2023 Q4,North America,1247000,1471,9709000,All visits,2023 Q4,1247000,1471,1120000,126000
2019,Europe,27293000,12407,149172000,Holiday - All,2019,10473000,5648,7890000,2582000
2019,Europe,27293000,12407,149172000,Holiday - Inclusive tour,2019,1610000,922,1122000,488000
2019,Europe,27293000,12407,149172000,Business,2019,6670000,2839,3902000,2768000
2019,Europe,27293000,12407,149172000,Visit friends or relatives,2019,8556000,2949,7013000,1543000
2019,Europe,27293000,12407,149172000,Miscellaneous,2019,1594000,950,1249000,345000
2019,Europe,27293000,12407,149172000,All visits,2019,27293000,12407,20055000,7238000
2020,Europe,7988000,,,Holiday - All,2020,,,,
2020,Europe,7988000,,,Holiday - Inclusive tour,2020,,,,
2020,Europe,7988000,,,Business,2020,,,,
2020,Europe,7988000,,,Visit friends or relatives,2020,,,,
2020,Europe,7988000,,,Miscellaneous,2020,,,,
2020,Europe,7988000,,,All visits,2020,7988000,,,
2021,Europe,4834000,2897,54120000,Holiday - All,2021,820000,618,666000,154000
2021,Europe,4834000,2897,54120000,Holiday - Inclusive tour,2021,61000,40,43000,18000
2021,Europe,4834000,2897,54120000,Business,2021,1060000,602,433000,627000
2021,Europe,4834000,2897,54120000,Visit friends or relatives,2021,2602000,1242,2091000,511000
2021,Europe,4834000,2897,54120000,Miscellaneous,2021,351000,430,285000,66000
2021,Europe,4834000,2897,54120000,All visits,2021,4834000,2897,3476000,1358000
2022,Europe,20979000,11678,128363000,Holiday - All,2022,7796000,4951,6277000,1519000
2022,Europe,20979000,11678,128363000,Holiday - Inclusive tour,2022,612000,453,473000,140000
2022,Europe,20979000,11678,128363000,Business,2022,4010000,2373,2119000,1891000
2022,Europe,20979000,11678,128363000,Visit friends or relatives,2022,7890000,3189,6482000,1408000
2022,Europe,20979000,11678,128363000,Miscellaneous,2022,1283000,1153,1107000,177000
2022,Europe,20979000,11678,128363000,All visits,2022,20979000,11678,15985000,4994000
2023,Europe,24826000,13430,136735000,Holiday - All,2023,9839000,6266,7897000,1941000
2023,Europe,24826000,13430,136735000,Holiday - Inclusive tour,2023,837000,641,662000,176000
2023,Europe,24826000,13430,136735000,Business,2023,5093000,2633,2839000,2253000
2023,Europe,24826000,13430,136735000,Visit friends or relatives,2023,8414000,3443,7014000,1399000
2023,Europe,24826000,13430,136735000,Miscellaneous,2023,1481000,1060,1300000,181000
2023,Europe,24826000,13430,136735000,All visits,2023,24826000,13430,19050000,5775000
2019 Q1,Europe,6044000,2232,27952000,Holiday - All,2019 Q1,1946000,876,1532000,414000
2019 Q1,Europe,6044000,2232,27952000,Holiday - Inclusive tour,2019 Q1,237000,145,189000,48000
2019 Q1,Europe,6044000,2232,27952000,Business,2019 Q1,1720000,564,943000,778000
2019 Q1,Europe,6044000,2232,27952000,Visit friends or relatives,2019 Q1,1985000,625,1624000,362000
2019 Q1,Europe,6044000,2232,27952000,Miscellaneous,2019 Q1,392000,163,316000,76000
2019 Q1,Europe,6044000,2232,27952000,All visits,2019 Q1,6044000,2232,4414000,1629000
2019 Q2,Europe,6879000,2964,34973000,Holiday - All,2019 Q2,2819000,1431,2130000,689000
2019 Q2,Europe,6879000,2964,34973000,Holiday - Inclusive tour,2019 Q2,575000,306,357000,218000
2019 Q2,Europe,6879000,2964,34973000,Business,2019 Q2,1616000,643,933000,683000
2019 Q2,Europe,6879000,2964,34973000,Visit friends or relatives,2019 Q2,2049000,660,1692000,357000
2019 Q2,Europe,6879000,2964,34973000,Miscellaneous,2019 Q2,394000,225,304000,90000
2019 Q2,Europe,6879000,2964,34973000,All visits,2019 Q2,6879000,2964,5059000,1819000
2019 Q3,Europe,7156000,3715,50442000,Holiday - All,2019 Q3,3015000,1859,2074000,941000
2019 Q3,Europe,7156000,3715,50442000,Holiday - Inclusive tour,2019 Q3,428000,280,299000,129000
2019 Q3,Europe,7156000,3715,50442000,Business,2019 Q3,1650000,786,981000,669000
2019 Q3,Europe,7156000,3715,50442000,Visit friends or relatives,2019 Q3,2083000,801,1651000,432000
2019 Q3,Europe,7156000,3715,50442000,Miscellaneous,2019 Q3,409000,262,300000,109000
2019 Q3,Europe,7156000,3715,50442000,All visits,2019 Q3,7156000,3715,5006000,2150000
2019 Q4,Europe,7215000,3497,35805000,Holiday - All,2019 Q4,2693000,1481,2154000,539000
2019 Q4,Europe,7215000,3497,35805000,Holiday - Inclusive tour,2019 Q4,370000,192,278000,92000
2019 Q4,Europe,7215000,3497,35805000,Business,2019 Q4,1684000,847,1046000,638000
2019 Q4,Europe,7215000,3497,35805000,Visit friends or relatives,2019 Q4,2439000,864,2047000,392000
2019 Q4,Europe,7215000,3497,35805000,Miscellaneous,2019 Q4,399000,300,329000,71000
2019 Q4,Europe,7215000,3497,35805000,All visits,2019 Q4,7215000,3497,5575000,1640000
2020 Q1,Europe,158000,143,6611000,Holiday - All,2020 Q1,5000,4,4000,0
2020 Q1,Europe,158000,143,6611000,Holiday - Inclusive tour,2020 Q1,0,0,0,0
2020 Q1,Europe,158000,143,6611000,Business,2020 Q1,30000,22,16000,14000
2020 Q1,Europe,158000,143,6611000,Visit friends or relatives,2020 Q1,89000,65,74000,15000
2020 Q1,Europe,158000,143,6611000,Miscellaneous,2020 Q1,35000,51,27000,8000
2020 Q1,Europe,158000,143,6611000,All visits,2020 Q1,158000,143,121000,37000
2020 Q2,Europe,242000,247,9084000,Holiday - All,2020 Q2,11000,19,8000,3000
2020 Q2,Europe,242000,247,9084000,Holiday - Inclusive tour,2020 Q2,1000,2,1000,0
2020 Q2,Europe,242000,247,9084000,Business,2020 Q2,46000,56,35000,11000
2020 Q2,Europe,242000,247,9084000,Visit friends or relatives,2020 Q2,149000,101,114000,35000
2020 Q2,Europe,242000,247,9084000,Miscellaneous,2020 Q2,36000,70,29000,8000
2020 Q2,Europe,242000,247,9084000,All visits,2020 Q2,242000,247,186000,56000
2020 Q3,Europe,1528000,881,17282000,Holiday - All,2020 Q3,224000,181,185000,39000
2020 Q3,Europe,1528000,881,17282000,Holiday - Inclusive tour,2020 Q3,11000,6,7000,3000
2020 Q3,Europe,1528000,881,17282000,Business,2020 Q3,305000,152,114000,191000
2020 Q3,Europe,1528000,881,17282000,Visit friends or relatives,2020 Q3,910000,453,758000,152000
2020 Q3,Europe,1528000,881,17282000,Miscellaneous,2020 Q3,90000,93,77000,13000
2020 Q3,Europe,1528000,881,17282000,All visits,2020 Q3,1528000,881,1134000,394000
2020 Q4,Europe,2904000,1626,21142000,Holiday - All,2020 Q4,581000,414,469000,112000
2020 Q4,Europe,2904000,1626,21142000,Holiday - Inclusive tour,2020 Q4,48000,32,35000,14000
2020 Q4,Europe,2904000,1626,21142000,Business,2020 Q4,680000,371,268000,412000
2020 Q4,Europe,2904000,1626,21142000,Visit friends or relatives,2020 Q4,1454000,623,1144000,309000
2020 Q4,Europe,2904000,1626,21142000,Miscellaneous,2020 Q4,190000,215,153000,37000
2020 Q4,Europe,2904000,1626,21142000,All visits,2020 Q4,2904000,1626,2034000,870000
2021 Q1,Europe,158000,143,6611000,Holiday - All,2021 Q1,5000,4,4000,0
2021 Q1,Europe,158000,143,6611000,Holiday - Inclusive tour,2021 Q1,0,0,0,0
2021 Q1,Europe,158000,143,6611000,Business,2021 Q1,30000,22,16000,14000
2021 Q1,Europe,158000,143,6611000,Visit friends or relatives,2021 Q1,89000,65,74000,15000
2021 Q1,Europe,158000,143,6611000,Miscellaneous,2021 Q1,35000,51,27000,8000
2021 Q1,Europe,158000,143,6611000,All visits,2021 Q1,158000,143,121000,37000
2021 Q2,Europe,242000,247,9084000,Holiday - All,2021 Q2,11000,19,8000,3000
2021 Q2,Europe,242000,247,9084000,Holiday - Inclusive tour,2021 Q2,1000,2,1000,0
2021 Q2,Europe,242000,247,9084000,Business,2021 Q2,46000,56,35000,11000
2021 Q2,Europe,242000,247,9084000,Visit friends or relatives,2021 Q2,149000,101,114000,35000
2021 Q2,Europe,242000,247,9084000,Miscellaneous,2021 Q2,36000,70,29000,8000
2021 Q2,Europe,242000,247,9084000,All visits,2021 Q2,242000,247,186000,56000
2021 Q3,Europe,1528000,881,17282000,Holiday - All,2021 Q3,224000,181,185000,39000
2021 Q3,Europe,1528000,881,17282000,Holiday - Inclusive tour,2021 Q3,11000,6,7000,3000
2021 Q3,Europe,1528000,881,17282000,Business,2021 Q3,305000,152,114000,191000
2021 Q3,Europe,1528000,881,17282000,Visit friends or relatives,2021 Q3,910000,453,758000,152000
2021 Q3,Europe,1528000,881,17282000,Miscellaneous,2021 Q3,90000,93,77000,13000
2021 Q3,Europe,1528000,881,17282000,All visits,2021 Q3,1528000,881,1134000,394000
2021 Q4,Europe,2904000,1626,21142000,Holiday - All,2021 Q4,581000,414,469000,112000
2021 Q4,Europe,2904000,1626,21142000,Holiday - Inclusive tour,2021 Q4,48000,32,35000,14000
2021 Q4,Europe,2904000,1626,21142000,Business,2021 Q4,680000,371,268000,412000
2021 Q4,Europe,2904000,1626,21142000,Visit friends or relatives,2021 Q4,1454000,623,1144000,309000
2021 Q4,Europe,2904000,1626,21142000,Miscellaneous,2021 Q4,190000,215,153000,37000
2021 Q4,Europe,2904000,1626,21142000,All visits,2021 Q4,2904000,1626,2034000,870000
2022 Q1,Europe,2821000,1413,19541000,Holiday - All,2022 Q1,652000,348,550000,102000
2022 Q1,Europe,2821000,1413,19541000,Holiday - Inclusive tour,2022 Q1,27000,14,25000,1000
2022 Q1,Europe,2821000,1413,19541000,Business,2022 Q1,686000,328,250000,437000
2022 Q1,Europe,2821000,1413,19541000,Visit friends or relatives,2022 Q1,1296000,554,1029000,267000
2022 Q1,Europe,2821000,1413,19541000,Miscellaneous,2022 Q1,186000,181,153000,33000
2022 Q1,Europe,2821000,1413,19541000,All visits,2022 Q1,2821000,1413,1982000,839000
2022 Q2,Europe,5189000,2773,29169000,Holiday - All,2022 Q2,2048000,1258,1657000,391000
2022 Q2,Europe,5189000,2773,29169000,Holiday - Inclusive tour,2022 Q2,144000,97,107000,36000
2022 Q2,Europe,5189000,2773,29169000,Business,2022 Q2,934000,585,535000,399000
2022 Q2,Europe,5189000,2773,29169000,Visit friends or relatives,2022 Q2,1929000,717,1569000,360000
2022 Q2,Europe,5189000,2773,29169000,Miscellaneous,2022 Q2,279000,208,231000,48000
2022 Q2,Europe,5189000,2773,29169000,All visits,2022 Q2,5189000,2773,3992000,1197000
2022 Q3,Europe,6084000,3604,40142000,Holiday - All,2022 Q3,2589000,1816,1947000,642000
2022 Q3,Europe,6084000,3604,40142000,Holiday - Inclusive tour,2022 Q3,234000,208,174000,60000
2022 Q3,Europe,6084000,3604,40142000,Business,2022 Q3,1129000,636,636000,493000
2022 Q3,Europe,6084000,3604,40142000,Visit friends or relatives,2022 Q3,2013000,877,1644000,369000
2022 Q3,Europe,6084000,3604,40142000,Miscellaneous,2022 Q3,352000,269,296000,56000
2022 Q3,Europe,6084000,3604,40142000,All visits,2022 Q3,6084000,3604,4523000,1560000
2022 Q4,Europe,6886000,3889,39510000,Holiday - All,2022 Q4,2507000,1529,2123000,384000
2022 Q4,Europe,6886000,3889,39510000,Holiday - Inclusive tour,2022 Q4,208000,134,165000,42000
2022 Q4,Europe,6886000,3889,39510000,Business,2022 Q4,1260000,824,698000,563000
2022 Q4,Europe,6886000,3889,39510000,Visit friends or relatives,2022 Q4,2652000,1041,2240000,412000
2022 Q4,Europe,6886000,3889,39510000,Miscellaneous,2022 Q4,466000,490,427000,39000
2022 Q4,Europe,6886000,3889,39510000,All visits,2022 Q4,6886000,3889,5488000,1398000
2023 Q1,Europe,5467000,2647,28567000,Holiday - All,2023 Q1,1913000,991,1647000,267000
2023 Q1,Europe,5467000,2647,28567000,Holiday - Inclusive tour,2023 Q1,116000,73,103000,13000
2023 Q1,Europe,5467000,2647,28567000,Business,2023 Q1,1133000,598,606000,527000
2023 Q1,Europe,5467000,2647,28567000,Visit friends or relatives,2023 Q1,2008000,782,1691000,317000
2023 Q1,Europe,5467000,2647,28567000,Miscellaneous,2023 Q1,413000,267,379000,34000
2023 Q1,Europe,5467000,2647,28567000,All visits,2023 Q1,5467000,2647,4323000,1144000
2023 Q2,Europe,6256000,3228,32663000,Holiday - All,2023 Q2,2537000,1594,2024000,514000
2023 Q2,Europe,6256000,3228,32663000,Holiday - Inclusive tour,2023 Q2,206000,141,150000,56000
2023 Q2,Europe,6256000,3228,32663000,Business,2023 Q2,1312000,583,771000,541000
2023 Q2,Europe,6256000,3228,32663000,Visit friends or relatives,2023 Q2,2036000,802,1692000,344000
2023 Q2,Europe,6256000,3228,32663000,Miscellaneous,2023 Q2,371000,242,309000,62000
2023 Q2,Europe,6256000,3228,32663000,All visits,2023 Q2,6256000,3228,4796000,1461000
2023 Q3,Europe,6596000,4087,44006000,Holiday - All,2023 Q3,2823000,2129,2026000,797000
2023 Q3,Europe,6596000,4087,44006000,Holiday - Inclusive tour,2023 Q3,301000,308,225000,76000
2023 Q3,Europe,6596000,4087,44006000,Business,2023 Q3,1262000,719,677000,586000
2023 Q3,Europe,6596000,4087,44006000,Visit friends or relatives,2023 Q3,2139000,920,1763000,376000
2023 Q3,Europe,6596000,4087,44006000,Miscellaneous,2023 Q3,371000,312,316000,54000
2023 Q3,Europe,6596000,4087,44006000,All visits,2023 Q3,6596000,4087,4783000,1814000
2023 Q4,Europe,6506000,3469,31499000,Holiday - All,2023 Q4,2565000,1553,2201000,364000
2023 Q4,Europe,6506000,3469,31499000,Holiday - Inclusive tour,2023 Q4,215000,119,184000,31000
2023 Q4,Europe,6506000,3469,31499000,Business,2023 Q4,1385000,733,785000,600000
2023 Q4,Europe,6506000,3469,31499000,Visit friends or relatives,2023 Q4,2231000,938,1869000,362000
2023 Q4,Europe,6506000,3469,31499000,Miscellaneous,2023 Q4,326000,239,295000,31000
2023 Q4,Europe,6506000,3469,31499000,All visits,2023 Q4,6506000,3469,5149000,1357000
2019,EU,24828000,10661,132429000,Holiday - All,2019,9555000,4872,7017000,2539000
2019,EU,24828000,10661,132429000,Holiday - Inclusive tour,2019,1480000,818,999000,481000
2019,EU,24828000,10661,132429000,Business,2019,6033000,2473,3402000,2630000
2019,EU,24828000,10661,132429000,Visit friends or relatives,2019,7841000,2543,6321000,1520000
2019,EU,24828000,10661,132429000,Miscellaneous,2019,1400000,756,1058000,342000
2019,EU,24828000,10661,132429000,All visits,2019,24828000,10661,17798000,7031000
2020,EU,,,,Holiday - All,2020,,,,
2020,EU,,,,Holiday - Inclusive tour,2020,,,,
2020,EU,,,,Business,2020,,,,
2020,EU,,,,Visit friends or relatives,2020,,,,
2020,EU,,,,Miscellaneous,2020,,,,
2020,EU,,,,All visits,2020,,,,
2021,EU,4410000,2464,48129000,Holiday - All,2021,731000,474,585000,146000
2021,EU,4410000,2464,48129000,Holiday - Inclusive tour,2021,53000,37,39000,15000
2021,EU,4410000,2464,48129000,Business,2021,976000,520,395000,581000
2021,EU,4410000,2464,48129000,Visit friends or relatives,2021,2399000,1100,1894000,505000
2021,EU,4410000,2464,48129000,Miscellaneous,2021,305000,366,239000,65000
2021,EU,4410000,2464,48129000,All visits,2021,4410000,2464,3113000,1297000
2022,EU,18959000,9962,111946000,Holiday - All,2022,7042000,4213,5563000,1479000
2022,EU,18959000,9962,111946000,Holiday - Inclusive tour,2022,559000,408,423000,136000
2022,EU,18959000,9962,111946000,Business,2022,3585000,2080,1847000,1738000
2022,EU,18959000,9962,111946000,Visit friends or relatives,2022,7245000,2794,5858000,1388000
2022,EU,18959000,9962,111946000,Miscellaneous,2022,1088000,860,919000,168000
2022,EU,18959000,9962,111946000,All visits,2022,18959000,9962,14187000,4773000
2023,EU,22499000,11504,121067000,Holiday - All,2023,8969000,5415,7090000,1879000
2023,EU,22499000,11504,121067000,Holiday - Inclusive tour,2023,743000,555,572000,170000
2023,EU,22499000,11504,121067000,Business,2023,4569000,2244,2476000,2093000
2023,EU,22499000,11504,121067000,Visit friends or relatives,2023,7697000,2968,6331000,1366000
2023,EU,22499000,11504,121067000,Miscellaneous,2023,1264000,852,1090000,174000
2023,EU,22499000,11504,121067000,All visits,2023,22499000,11504,16986000,5513000
2019 Q1,EU,5543000,1942,25723000,Holiday - All,2019 Q1,1768000,757,1360000,409000
2019 Q1,EU,5543000,1942,25723000,Holiday - Inclusive tour,2019 Q1,220000,137,172000,48000
2019 Q1,EU,5543000,1942,25723000,Business,2019 Q1,1580000,497,837000,743000
2019 Q1,EU,5543000,1942,25723000,Visit friends or relatives,2019 Q1,1847000,539,1489000,358000
2019 Q1,EU,5543000,1942,25723000,Miscellaneous,2019 Q1,348000,146,272000,76000
2019 Q1,EU,5543000,1942,25723000,All visits,2019 Q1,5543000,1942,3957000,1586000
2019 Q2,EU,6272000,2562,31756000,Holiday - All,2019 Q2,2567000,1217,1888000,679000
2019 Q2,EU,6272000,2562,31756000,Holiday - Inclusive tour,2019 Q2,553000,281,337000,217000
2019 Q2,EU,6272000,2562,31756000,Business,2019 Q2,1448000,569,807000,641000
2019 Q2,EU,6272000,2562,31756000,Visit friends or relatives,2019 Q2,1899000,590,1548000,351000
2019 Q2,EU,6272000,2562,31756000,Miscellaneous,2019 Q2,358000,181,269000,89000
2019 Q2,EU,6272000,2562,31756000,All visits,2019 Q2,6272000,2562,4511000,1760000
2019 Q3,EU,6512000,3170,43247000,Holiday - All,2019 Q3,2781000,1604,1864000,917000
2019 Q3,EU,6512000,3170,43247000,Holiday - Inclusive tour,2019 Q3,377000,237,252000,124000
2019 Q3,EU,6512000,3170,43247000,Business,2019 Q3,1508000,701,865000,643000
2019 Q3,EU,6512000,3170,43247000,Visit friends or relatives,2019 Q3,1873000,656,1451000,422000
2019 Q3,EU,6512000,3170,43247000,Miscellaneous,2019 Q3,350000,203,244000,106000
2019 Q3,EU,6512000,3170,43247000,All visits,2019 Q3,6512000,3170,4425000,2087000
2019 Q4,EU,6502000,2988,31702000,Holiday - All,2019 Q4,2439000,1294,1904000,534000
2019 Q4,EU,6502000,2988,31702000,Holiday - Inclusive tour,2019 Q4,330000,163,238000,92000
2019 Q4,EU,6502000,2988,31702000,Business,2019 Q4,1497000,705,893000,604000
2019 Q4,EU,6502000,2988,31702000,Visit friends or relatives,2019 Q4,2222000,759,1833000,389000
2019 Q4,EU,6502000,2988,31702000,Miscellaneous,2019 Q4,344000,226,273000,71000
2019 Q4,EU,6502000,2988,31702000,All visits,2019 Q4,6502000,2988,4904000,1598000
2020 Q1,EU,147000,127,6030000,Holiday - All,2020 Q1,3000,3,3000,0
2020 Q1,EU,147000,127,6030000,Holiday - Inclusive tour,2020 Q1,0,0,0,0
2020 Q1,EU,147000,127,6030000,Business,2020 Q1,29000,21,15000,14000
2020 Q1,EU,147000,127,6030000,Visit friends or relatives,2020 Q1,82000,59,67000,15000
2020 Q1,EU,147000,127,6030000,Miscellaneous,2020 Q1,33000,44,24000,8000
2020 Q1,EU,147000,127,6030000,All visits,2020 Q1,147000,127,110000,37000
2020 Q2,EU,216000,205,7863000,Holiday - All,2020 Q2,9000,9,7000,3000
2020 Q2,EU,216000,205,7863000,Holiday - Inclusive tour,2020 Q2,1000,2,0,0
2020 Q2,EU,216000,205,7863000,Business,2020 Q2,43000,51,32000,11000
2020 Q2,EU,216000,205,7863000,Visit friends or relatives,2020 Q2,132000,87,98000,34000
2020 Q2,EU,216000,205,7863000,Miscellaneous,2020 Q2,31000,59,23000,8000
2020 Q2,EU,216000,205,7863000,All visits,2020 Q2,216000,205,160000,56000
2020 Q3,EU,1395000,739,15511000,Holiday - All,2020 Q3,203000,138,169000,34000
2020 Q3,EU,1395000,739,15511000,Holiday - Inclusive tour,2020 Q3,7000,5,7000,0
2020 Q3,EU,1395000,739,15511000,Business,2020 Q3,278000,131,105000,173000
2020 Q3,EU,1395000,739,15511000,Visit friends or relatives,2020 Q3,838000,399,687000,151000
2020 Q3,EU,1395000,739,15511000,Miscellaneous,2020 Q3,76000,69,63000,13000
2020 Q3,EU,1395000,739,15511000,All visits,2020 Q3,1395000,739,1023000,372000
2020 Q4,EU,2653000,1393,18725000,Holiday - All,2020 Q4,515000,324,406000,109000
2020 Q4,EU,2653000,1393,18725000,Holiday - Inclusive tour,2020 Q4,45000,30,32000,14000
2020 Q4,EU,2653000,1393,18725000,Business,2020 Q4,626000,318,243000,383000
2020 Q4,EU,2653000,1393,18725000,Visit friends or relatives,2020 Q4,1346000,555,1042000,304000
2020 Q4,EU,2653000,1393,18725000,Miscellaneous,2020 Q4,165000,194,129000,36000
2020 Q4,EU,2653000,1393,18725000,All visits,2020 Q4,2653000,1393,1820000,832000
2021 Q1,EU,147000,127,6030000,Holiday - All,2021 Q1,3000,3,3000,0
2021 Q1,EU,147000,127,6030000,Holiday - Inclusive tour,2021 Q1,0,0,0,0
2021 Q1,EU,147000,127,6030000,Business,2021 Q1,29000,21,15000,14000
2021 Q1,EU,147000,127,6030000,Visit friends or relatives,2021 Q1,82000,59,67000,15000
2021 Q1,EU,147000,127,6030000,Miscellaneous,2021 Q1,33000,44,24000,8000
2021 Q1,EU,147000,127,6030000,All visits,2021 Q1,147000,127,110000,37000
2021 Q2,EU,216000,205,7863000,Holiday - All,2021 Q2,9000,9,7000,3000
2021 Q2,EU,216000,205,7863000,Holiday - Inclusive tour,2021 Q2,1000,2,0,0
2021 Q2,EU,216000,205,7863000,Business,2021 Q2,43000,51,32000,11000
2021 Q2,EU,216000,205,7863000,Visit friends or relatives,2021 Q2,132000,87,98000,34000
2021 Q2,EU,216000,205,7863000,Miscellaneous,2021 Q2,31000,59,23000,8000
2021 Q2,EU,216000,205,7863000,All visits,2021 Q2,216000,205,160000,56000
2021 Q3,EU,1395000,739,15511000,Holiday - All,2021 Q3,203000,138,169000,34000
2021 Q3,EU,1395000,739,15511000,Holiday - Inclusive tour,2021 Q3,7000,5,7000,0
2021 Q3,EU,1395000,739,15511000,Business,2021 Q3,278000,131,105000,173000
2021 Q3,EU,1395000,739,15511000,Visit friends or relatives,2021 Q3,838000,399,687000,151000
2021 Q3,EU,1395000,739,15511000,Miscellaneous,2021 Q3,76000,69,63000,13000
2021 Q3,EU,1395000,739,15511000,All visits,2021 Q3,1395000,739,1023000,372000
2021 Q4,EU,2653000,1393,18725000,Holiday - All,2021 Q4,515000,324,406000,109000
2021 Q4,EU,2653000,1393,18725000,Holiday - Inclusive tour,2021 Q4,45000,30,32000,14000
2021 Q4,EU,2653000,1393,18725000,Business,2021 Q4,626000,318,243000,383000
2021 Q4,EU,2653000,1393,18725000,Visit friends or relatives,2021 Q4,1346000,555,1042000,304000
2021 Q4,EU,2653000,1393,18725000,Miscellaneous,2021 Q4,165000,194,129000,36000
2021 Q4,EU,2653000,1393,18725000,All visits,2021 Q4,2653000,1393,1820000,832000
2022 Q1,EU,2570000,1245,17627000,Holiday - All,2022 Q1,609000,297,509000,100000
2022 Q1,EU,2570000,1245,17627000,Holiday - Inclusive tour,2022 Q1,24000,12,23000,1000
2022 Q1,EU,2570000,1245,17627000,Business,2022 Q1,609000,294,213000,396000
2022 Q1,EU,2570000,1245,17627000,Visit friends or relatives,2022 Q1,1188000,489,922000,266000
2022 Q1,EU,2570000,1245,17627000,Miscellaneous,2022 Q1,164000,162,133000,32000
2022 Q1,EU,2570000,1245,17627000,All visits,2022 Q1,2570000,1245,1776000,794000
2022 Q2,EU,4699000,2352,26136000,Holiday - All,2022 Q2,1856000,1062,1474000,382000
2022 Q2,EU,4699000,2352,26136000,Holiday - Inclusive tour,2022 Q2,135000,89,100000,35000
2022 Q2,EU,4699000,2352,26136000,Business,2022 Q2,828000,491,462000,366000
2022 Q2,EU,4699000,2352,26136000,Visit friends or relatives,2022 Q2,1779000,633,1425000,354000
2022 Q2,EU,4699000,2352,26136000,Miscellaneous,2022 Q2,237000,161,192000,44000
2022 Q2,EU,4699000,2352,26136000,All visits,2022 Q2,4699000,2352,3553000,1146000
2022 Q3,EU,5473000,3074,34742000,Holiday - All,2022 Q3,2348000,1562,1725000,623000
2022 Q3,EU,5473000,3074,34742000,Holiday - Inclusive tour,2022 Q3,210000,184,152000,58000
2022 Q3,EU,5473000,3074,34742000,Business,2022 Q3,1018000,561,563000,455000
2022 Q3,EU,5473000,3074,34742000,Visit friends or relatives,2022 Q3,1816000,746,1453000,363000
2022 Q3,EU,5473000,3074,34742000,Miscellaneous,2022 Q3,291000,200,237000,54000
2022 Q3,EU,5473000,3074,34742000,All visits,2022 Q3,5473000,3074,3977000,1495000
2022 Q4,EU,6218000,3291,33441000,Holiday - All,2022 Q4,2230000,1291,1855000,375000
2022 Q4,EU,6218000,3291,33441000,Holiday - Inclusive tour,2022 Q4,190000,122,148000,42000
2022 Q4,EU,6218000,3291,33441000,Business,2022 Q4,1130000,734,609000,521000
2022 Q4,EU,6218000,3291,33441000,Visit friends or relatives,2022 Q4,2463000,925,2058000,404000
2022 Q4,EU,6218000,3291,33441000,Miscellaneous,2022 Q4,396000,337,358000,38000
2022 Q4,EU,6218000,3291,33441000,All visits,2022 Q4,6218000,3291,4880000,1338000
2023 Q1,EU,4968000,2241,25103000,Holiday - All,2023 Q1,1755000,852,1494000,261000
2023 Q1,EU,4968000,2241,25103000,Holiday - Inclusive tour,2023 Q1,106000,63,94000,12000
2023 Q1,EU,4968000,2241,25103000,Business,2023 Q1,1009000,472,518000,491000
2023 Q1,EU,4968000,2241,25103000,Visit friends or relatives,2023 Q1,1848000,685,1533000,314000
2023 Q1,EU,4968000,2241,25103000,Miscellaneous,2023 Q1,356000,225,323000,33000
2023 Q1,EU,4968000,2241,25103000,All visits,2023 Q1,4968000,2241,3868000,1100000
2023 Q2,EU,5671000,2751,28899000,Holiday - All,2023 Q2,2321000,1383,1821000,500000
2023 Q2,EU,5671000,2751,28899000,Holiday - Inclusive tour,2023 Q2,181000,123,128000,53000
2023 Q2,EU,5671000,2751,28899000,Business,2023 Q2,1184000,497,682000,502000
2023 Q2,EU,5671000,2751,28899000,Visit friends or relatives,2023 Q2,1855000,681,1523000,332000
2023 Q2,EU,5671000,2751,28899000,Miscellaneous,2023 Q2,312000,185,252000,60000
2023 Q2,EU,5671000,2751,28899000,All visits,2023 Q2,5671000,2751,4278000,1394000
2023 Q3,EU,5995000,3537,38793000,Holiday - All,2023 Q3,2566000,1854,1802000,763000
2023 Q3,EU,5995000,3537,38793000,Holiday - Inclusive tour,2023 Q3,267000,267,192000,74000
2023 Q3,EU,5995000,3537,38793000,Business,2023 Q3,1157000,661,606000,550000
2023 Q3,EU,5995000,3537,38793000,Visit friends or relatives,2023 Q3,1941000,757,1575000,367000
2023 Q3,EU,5995000,3537,38793000,Miscellaneous,2023 Q3,331000,259,278000,52000
2023 Q3,EU,5995000,3537,38793000,All visits,2023 Q3,5995000,3537,4262000,1733000
2023 Q4,EU,5864000,2975,28271000,Holiday - All,2023 Q4,2327000,1327,1973000,354000
2023 Q4,EU,5864000,2975,28271000,Holiday - Inclusive tour,2023 Q4,189000,101,158000,31000
2023 Q4,EU,5864000,2975,28271000,Business,2023 Q4,1219000,614,670000,550000
2023 Q4,EU,5864000,2975,28271000,Visit friends or relatives,2023 Q4,2053000,845,1699000,354000
2023 Q4,EU,5864000,2975,28271000,Miscellaneous,2023 Q4,265000,183,236000,29000
2023 Q4,EU,5864000,2975,28271000,All visits,2023 Q4,5864000,2975,4578000,1286000
2019,EU15,20328000,8733,98767000,Holiday - All,2019,8491000,4285,6071000,2419000
2019,EU15,20328000,8733,98767000,Holiday - Inclusive tour,2019,1263000,711,837000,426000
2019,EU15,20328000,8733,98767000,Business,2019,4249000,1888,3070000,1179000
2019,EU15,20328000,8733,98767000,Visit friends or relatives,2019,6345000,1954,4901000,1444000
2019,EU15,20328000,8733,98767000,Miscellaneous,2019,1243000,592,907000,336000
2019,EU15,20328000,8733,98767000,All visits,2019,20328000,8733,14949000,5379000
2020,EU15,,,,Holiday - All,2020,,,,
2020,EU15,,,,Holiday - Inclusive tour,2020,,,,
2020,EU15,,,,Business,2020,,,,
2020,EU15,,,,Visit friends or relatives,2020,,,,
2020,EU15,,,,Miscellaneous,2020,,,,
2020,EU15,,,,All visits,2020,,,,
2021,EU15,3516000,2029,36138000,Holiday - All,2021,643000,416,499000,144000
2021,EU15,3516000,2029,36138000,Holiday - Inclusive tour,2021,45000,33,32000,14000
2021,EU15,3516000,2029,36138000,Business,2021,607000,425,342000,265000
2021,EU15,3516000,2029,36138000,Visit friends or relatives,2021,2006000,872,1512000,494000
2021,EU15,3516000,2029,36138000,Miscellaneous,2021,259000,313,193000,65000
2021,EU15,3516000,2029,36138000,All visits,2021,3516000,2029,2547000,968000
2022,EU15,15621000,8573,88886000,Holiday - All,2022,6369000,3842,4904000,1465000
2022,EU15,15621000,8573,88886000,Holiday - Inclusive tour,2022,375000,382,375000,0
2022,EU15,15621000,8573,88886000,Business,2022,1787000,1705,1651000,136000
2022,EU15,15621000,8573,88886000,Visit friends or relatives,2022,5270000,2256,4527000,743000
2022,EU15,15621000,8573,88886000,Miscellaneous,2022,2165000,757,813000,1352000
2022,EU15,15621000,8573,88886000,All visits,2022,12062000,8573,11895000,167000
2023,EU15,18472000,10026,98347000,Holiday - All,2023,7981000,4916,6141000,1840000
2023,EU15,18472000,10026,98347000,Holiday - Inclusive tour,2023,683000,521,515000,167000
2023,EU15,18472000,10026,98347000,Business,2023,3037000,1878,2195000,841000
2023,EU15,18472000,10026,98347000,Visit friends or relatives,2023,6322000,2443,4982000,1340000
2023,EU15,18472000,10026,98347000,Miscellaneous,2023,1133000,768,963000,170000
2023,EU15,18472000,10026,98347000,All visits,2023,18472000,10026,14282000,4191000
2019 Q1,EU15,4456000,1601,18630000,Holiday - All,2019 Q1,1556000,661,1176000,379000
2019 Q1,EU15,4456000,1601,18630000,Holiday - Inclusive tour,2019 Q1,188000,127,142000,47000
2019 Q1,EU15,4456000,1601,18630000,Business,2019 Q1,1087000,413,775000,312000
2019 Q1,EU15,4456000,1601,18630000,Visit friends or relatives,2019 Q1,1507000,409,1173000,334000
2019 Q1,EU15,4456000,1601,18630000,Miscellaneous,2019 Q1,307000,116,233000,74000
2019 Q1,EU15,4456000,1601,18630000,All visits,2019 Q1,4456000,1601,3357000,1100000
2019 Q2,EU15,5187000,2083,24226000,Holiday - All,2019 Q2,2291000,1070,1661000,630000
2019 Q2,EU15,5187000,2083,24226000,Holiday - Inclusive tour,2019 Q2,476000,250,293000,183000
2019 Q2,EU15,5187000,2083,24226000,Business,2019 Q2,1041000,406,724000,318000
2019 Q2,EU15,5187000,2083,24226000,Visit friends or relatives,2019 Q2,1534000,462,1202000,333000
2019 Q2,EU15,5187000,2083,24226000,Miscellaneous,2019 Q2,321000,141,232000,89000
2019 Q2,EU15,5187000,2083,24226000,All visits,2019 Q2,5187000,2083,3818000,1369000
2019 Q3,EU15,5389000,2622,32264000,Holiday - All,2019 Q3,2484000,1425,1597000,887000
2019 Q3,EU15,5389000,2622,32264000,Holiday - Inclusive tour,2019 Q3,310000,193,199000,110000
2019 Q3,EU15,5389000,2622,32264000,Business,2019 Q3,1053000,528,774000,279000
2019 Q3,EU15,5389000,2622,32264000,Visit friends or relatives,2019 Q3,1532000,505,1130000,402000
2019 Q3,EU15,5389000,2622,32264000,Miscellaneous,2019 Q3,320000,159,215000,105000
2019 Q3,EU15,5389000,2622,32264000,All visits,2019 Q3,5389000,2622,3717000,1672000
2019 Q4,EU15,5295000,2428,23647000,Holiday - All,2019 Q4,2161000,1129,1638000,523000
2019 Q4,EU15,5295000,2428,23647000,Holiday - Inclusive tour,2019 Q4,290000,141,203000,87000
2019 Q4,EU15,5295000,2428,23647000,Business,2019 Q4,1068000,540,797000,271000
2019 Q4,EU15,5295000,2428,23647000,Visit friends or relatives,2019 Q4,1772000,579,1396000,376000
2019 Q4,EU15,5295000,2428,23647000,Miscellaneous,2019 Q4,295000,177,227000,68000
2019 Q4,EU15,5295000,2428,23647000,All visits,2019 Q4,5295000,2428,4058000,1237000
2020 Q1,EU15,111000,86,3940000,Holiday - All,2020 Q1,2000,1,2000,0
2020 Q1,EU15,111000,86,3940000,Holiday - Inclusive tour,2020 Q1,0,0,0,0
2020 Q1,EU15,111000,86,3940000,Business,2020 Q1,25000,17,11000,14000
2020 Q1,EU15,111000,86,3940000,Visit friends or relatives,2020 Q1,61000,35,46000,15000
2020 Q1,EU15,111000,86,3940000,Miscellaneous,2020 Q1,24000,33,15000,8000
2020 Q1,EU15,111000,86,3940000,All visits,2020 Q1,111000,86,74000,37000
2020 Q2,EU15,173000,162,5249000,Holiday - All,2020 Q2,7000,6,4000,3000
2020 Q2,EU15,173000,162,5249000,Holiday - Inclusive tour,2020 Q2,1000,1,0,0
2020 Q2,EU15,173000,162,5249000,Business,2020 Q2,35000,39,25000,10000
2020 Q2,EU15,173000,162,5249000,Visit friends or relatives,2020 Q2,106000,69,71000,34000
2020 Q2,EU15,173000,162,5249000,Miscellaneous,2020 Q2,25000,47,18000,8000
2020 Q2,EU15,173000,162,5249000,All visits,2020 Q2,173000,162,118000,55000
2020 Q3,EU15,1078000,597,11633000,Holiday - All,2020 Q3,168000,114,135000,34000
2020 Q3,EU15,1078000,597,11633000,Holiday - Inclusive tour,2020 Q3,4000,4,4000,0
2020 Q3,EU15,1078000,597,11633000,Business,2020 Q3,143000,95,93000,50000
2020 Q3,EU15,1078000,597,11633000,Visit friends or relatives,2020 Q3,701000,326,553000,147000
2020 Q3,EU15,1078000,597,11633000,Miscellaneous,2020 Q3,66000,61,52000,13000
2020 Q3,EU15,1078000,597,11633000,All visits,2020 Q3,1078000,597,833000,245000
2020 Q4,EU15,2154000,1185,15316000,Holiday - All,2020 Q4,466000,294,359000,107000
2020 Q4,EU15,2154000,1185,15316000,Holiday - Inclusive tour,2020 Q4,40000,27,27000,13000
2020 Q4,EU15,2154000,1185,15316000,Business,2020 Q4,404000,274,214000,191000
2020 Q4,EU15,2154000,1185,15316000,Visit friends or relatives,2020 Q4,1139000,442,842000,298000
2020 Q4,EU15,2154000,1185,15316000,Miscellaneous,2020 Q4,144000,173,108000,36000
2020 Q4,EU15,2154000,1185,15316000,All visits,2020 Q4,2154000,1185,1522000,632000
2021 Q1,EU15,111000,86,3940000,Holiday - All,2021 Q1,2000,1,2000,0
2021 Q1,EU15,111000,86,3940000,Holiday - Inclusive tour,2021 Q1,0,0,0,0
2021 Q1,EU15,111000,86,3940000,Business,2021 Q1,25000,17,11000,14000
2021 Q1,EU15,111000,86,3940000,Visit friends or relatives,2021 Q1,61000,35,46000,15000
2021 Q1,EU15,111000,86,3940000,Miscellaneous,2021 Q1,24000,33,15000,8000
2021 Q1,EU15,111000,86,3940000,All visits,2021 Q1,111000,86,74000,37000
2021 Q2,EU15,173000,162,5249000,Holiday - All,2021 Q2,7000,6,4000,3000
2021 Q2,EU15,173000,162,5249000,Holiday - Inclusive tour,2021 Q2,1000,1,0,0
2021 Q2,EU15,173000,162,5249000,Business,2021 Q2,35000,39,25000,10000
2021 Q2,EU15,173000,162,5249000,Visit friends or relatives,2021 Q2,106000,69,71000,34000
2021 Q2,EU15,173000,162,5249000,Miscellaneous,2021 Q2,25000,47,18000,8000
2021 Q2,EU15,173000,162,5249000,All visits,2021 Q2,173000,162,118000,55000
2021 Q3,EU15,1078000,597,11633000,Holiday - All,2021 Q3,168000,114,135000,34000
2021 Q3,EU15,1078000,597,11633000,Holiday - Inclusive tour,2021 Q3,4000,4,4000,0
2021 Q3,EU15,1078000,597,11633000,Business,2021 Q3,143000,95,93000,50000
2021 Q3,EU15,1078000,597,11633000,Visit friends or relatives,2021 Q3,701000,326,553000,147000
2021 Q3,EU15,1078000,597,11633000,Miscellaneous,2021 Q3,66000,61,52000,13000
2021 Q3,EU15,1078000,597,11633000,All visits,2021 Q3,1078000,597,833000,245000
2021 Q4,EU15,2154000,1185,15316000,Holiday - All,2021 Q4,466000,294,359000,107000
2021 Q4,EU15,2154000,1185,15316000,Holiday - Inclusive tour,2021 Q4,40000,27,27000,13000
2021 Q4,EU15,2154000,1185,15316000,Business,2021 Q4,404000,274,214000,191000
2021 Q4,EU15,2154000,1185,15316000,Visit friends or relatives,2021 Q4,1139000,442,842000,298000
2021 Q4,EU15,2154000,1185,15316000,Miscellaneous,2021 Q4,144000,173,108000,36000
2021 Q4,EU15,2154000,1185,15316000,All visits,2021 Q4,2154000,1185,1522000,632000
2022 Q1,EU15,2063000,1088,14148000,Holiday - All,2022 Q1,539000,262,441000,98000
2022 Q1,EU15,2063000,1088,14148000,Holiday - Inclusive tour,2022 Q1,21000,11,19000,1000
2022 Q1,EU15,2063000,1088,14148000,Business,2022 Q1,382000,257,195000,186000
2022 Q1,EU15,2063000,1088,14148000,Visit friends or relatives,2022 Q1,989000,415,724000,264000
2022 Q1,EU15,2063000,1088,14148000,Miscellaneous,2022 Q1,154000,151,122000,32000
2022 Q1,EU15,2063000,1088,14148000,All visits,2022 Q1,2063000,1088,1482000,581000
2022 Q2,EU15,3954000,2055,21049000,Holiday - All,2022 Q2,1670000,970,1290000,379000
2022 Q2,EU15,3954000,2055,21049000,Holiday - Inclusive tour,2022 Q2,123000,85,88000,35000
2022 Q2,EU15,3954000,2055,21049000,Business,2022 Q2,616000,408,413000,203000
2022 Q2,EU15,3954000,2055,21049000,Visit friends or relatives,2022 Q2,1456000,529,1104000,351000
2022 Q2,EU15,3954000,2055,21049000,Miscellaneous,2022 Q2,212000,145,167000,44000
2022 Q2,EU15,3954000,2055,21049000,All visits,2022 Q2,3954000,2055,2975000,979000
2022 Q3,EU15,4542000,2667,27956000,Holiday - All,2022 Q3,2144000,1442,1529000,615000
2022 Q3,EU15,4542000,2667,27956000,Holiday - Inclusive tour,2022 Q3,194000,174,136000,58000
2022 Q3,EU15,4542000,2667,27956000,Business,2022 Q3,639000,459,494000,145000
2022 Q3,EU15,4542000,2667,27956000,Visit friends or relatives,2022 Q3,1509000,607,1161000,348000
2022 Q3,EU15,4542000,2667,27956000,Miscellaneous,2022 Q3,250000,154,196000,54000
2022 Q3,EU15,4542000,2667,27956000,All visits,2022 Q3,4542000,2667,3381000,1162000
2022 Q4,EU15,5062000,2763,25733000,Holiday - All,2022 Q4,2016000,1167,1644000,372000
2022 Q4,EU15,5062000,2763,25733000,Holiday - Inclusive tour,2022 Q4,174000,111,132000,42000
2022 Q4,EU15,5062000,2763,25733000,Business,2022 Q4,757000,580,549000,208000
2022 Q4,EU15,5062000,2763,25733000,Visit friends or relatives,2022 Q4,1925000,705,1537000,387000
2022 Q4,EU15,5062000,2763,25733000,Miscellaneous,2022 Q4,365000,307,327000,37000
2022 Q4,EU15,5062000,2763,25733000,All visits,2022 Q4,5062000,2763,4057000,1005000
2023 Q1,EU15,3956000,1937,19089000,Holiday - All,2023 Q1,1527000,759,1268000,259000
2023 Q1,EU15,3956000,1937,19089000,Holiday - Inclusive tour,2023 Q1,99000,62,87000,12000
2023 Q1,EU15,3956000,1937,19089000,Business,2023 Q1,655000,397,455000,200000
2023 Q1,EU15,3956000,1937,19089000,Visit friends or relatives,2023 Q1,1458000,565,1150000,307000
2023 Q1,EU15,3956000,1937,19089000,Miscellaneous,2023 Q1,316000,209,283000,33000
2023 Q1,EU15,3956000,1937,19089000,All visits,2023 Q1,3956000,1937,3156000,799000
2023 Q2,EU15,4693000,2445,23975000,Holiday - All,2023 Q2,2078000,1264,1585000,493000
2023 Q2,EU15,4693000,2445,23975000,Holiday - Inclusive tour,2023 Q2,164000,113,114000,50000
2023 Q2,EU15,4693000,2445,23975000,Business,2023 Q2,787000,436,610000,177000
2023 Q2,EU15,4693000,2445,23975000,Visit friends or relatives,2023 Q2,1547000,576,1222000,326000
2023 Q2,EU15,4693000,2445,23975000,Miscellaneous,2023 Q2,281000,165,222000,59000
2023 Q2,EU15,4693000,2445,23975000,All visits,2023 Q2,4693000,2445,3639000,1055000
2023 Q3,EU15,4980000,3091,31849000,Holiday - All,2023 Q3,2352000,1741,1609000,743000
2023 Q3,EU15,4980000,3091,31849000,Holiday - Inclusive tour,2023 Q3,248000,256,174000,74000
2023 Q3,EU15,4980000,3091,31849000,Business,2023 Q3,722000,499,514000,207000
2023 Q3,EU15,4980000,3091,31849000,Visit friends or relatives,2023 Q3,1602000,610,1244000,358000
2023 Q3,EU15,4980000,3091,31849000,Miscellaneous,2023 Q3,305000,236,254000,51000
2023 Q3,EU15,4980000,3091,31849000,All visits,2023 Q3,4980000,3091,3621000,1359000
2023 Q4,EU15,4843000,2553,23434000,Holiday - All,2023 Q4,2024000,1152,1679000,344000
2023 Q4,EU15,4843000,2553,23434000,Holiday - Inclusive tour,2023 Q4,171000,90,140000,31000
2023 Q4,EU15,4843000,2553,23434000,Business,2023 Q4,873000,546,616000,257000
2023 Q4,EU15,4843000,2553,23434000,Visit friends or relatives,2023 Q4,1715000,691,1366000,349000
2023 Q4,EU15,4843000,2553,23434000,Miscellaneous,2023 Q4,231000,159,204000,27000
2023 Q4,EU15,4843000,2553,23434000,All visits,2023 Q4,4843000,2553,3865000,978000
2019,Other EU,4500000,1928,33662000,Holiday - All,2019,1065000,587,946000,119000
2019,Other EU,4500000,1928,33662000,Holiday - Inclusive tour,2019,217000,107,162000,55000
2019,Other EU,4500000,1928,33662000,Business,2019,1784000,585,333000,1451000
2019,Other EU,4500000,1928,33662000,Visit friends or relatives,2019,1496000,589,1420000,76000
2019,Other EU,4500000,1928,33662000,Miscellaneous,2019,157000,164,150000,6000
2019,Other EU,4500000,1928,33662000,All visits,2019,4500000,1928,2848000,1652000
2020,Other EU,,,,Holiday - All,2020,,,,
2020,Other EU,,,,Holiday - Inclusive tour,2020,,,,
2020,Other EU,,,,Business,2020,,,,
2020,Other EU,,,,Visit friends or relatives,2020,,,,
2020,Other EU,,,,Miscellaneous,2020,,,,
2020,Other EU,,,,All visits,2020,,,,
2021,Other EU,895000,435,11991000,Holiday - All,2021,88000,58,86000,2000
2021,Other EU,895000,435,11991000,Holiday - Inclusive tour,2021,8000,4,7000,1000
2021,Other EU,895000,435,11991000,Business,2021,368000,95,53000,316000
2021,Other EU,895000,435,11991000,Visit friends or relatives,2021,393000,228,382000,11000
2021,Other EU,895000,435,11991000,Miscellaneous,2021,46000,53,46000,0
2021,Other EU,895000,435,11991000,All visits,2021,895000,435,566000,329000
2022,Other EU,3338000,1389,23060000,Holiday - All,2022,4385000,371,659000,3727000
2022,Other EU,3338000,1389,23060000,Holiday - Inclusive tour,2022,63000,27,48000,15000
2022,Other EU,3338000,1389,23060000,Business,2022,1191000,375,196000,994000
2022,Other EU,3338000,1389,23060000,Visit friends or relatives,2022,1367000,538,1331000,36000
2022,Other EU,3338000,1389,23060000,Miscellaneous,2022,108000,103,106000,1000
2022,Other EU,3338000,1389,23060000,All visits,2022,3338000,1389,2292000,1046000
2023,Other EU,4026000,1478,22719000,Holiday - All,2023,987000,499,948000,39000
2023,Other EU,4026000,1478,22719000,Holiday - Inclusive tour,2023,60000,34,57000,3000
2023,Other EU,4026000,1478,22719000,Business,2023,1533000,366,281000,1252000
2023,Other EU,4026000,1478,22719000,Visit friends or relatives,2023,1375000,524,1349000,26000
2023,Other EU,4026000,1478,22719000,Miscellaneous,2023,131000,83,126000,5000
2023,Other EU,4026000,1478,22719000,All visits,2023,4026000,1478,2704000,1322000
2019 Q1,Other EU,1086000,341,7093000,Holiday - All,2019 Q1,213000,96,183000,30000
2019 Q1,Other EU,1086000,341,7093000,Holiday - Inclusive tour,2019 Q1,32000,10,30000,2000
2019 Q1,Other EU,1086000,341,7093000,Business,2019 Q1,493000,84,62000,431000
2019 Q1,Other EU,1086000,341,7093000,Visit friends or relatives,2019 Q1,340000,130,316000,24000
2019 Q1,Other EU,1086000,341,7093000,Miscellaneous,2019 Q1,41000,31,39000,2000
2019 Q1,Other EU,1086000,341,7093000,All visits,2019 Q1,1086000,341,601000,486000
2019 Q2,Other EU,1085000,479,7531000,Holiday - All,2019 Q2,277000,147,228000,49000
2019 Q2,Other EU,1085000,479,7531000,Holiday - Inclusive tour,2019 Q2,78000,31,44000,34000
2019 Q2,Other EU,1085000,479,7531000,Business,2019 Q2,407000,163,83000,324000
2019 Q2,Other EU,1085000,479,7531000,Visit friends or relatives,2019 Q2,365000,128,346000,19000
2019 Q2,Other EU,1085000,479,7531000,Miscellaneous,2019 Q2,37000,40,37000,0
2019 Q2,Other EU,1085000,479,7531000,All visits,2019 Q2,1085000,479,694000,391000
2019 Q3,Other EU,1123000,548,10983000,Holiday - All,2019 Q3,297000,179,267000,30000
2019 Q3,Other EU,1123000,548,10983000,Holiday - Inclusive tour,2019 Q3,67000,44,53000,14000
2019 Q3,Other EU,1123000,548,10983000,Business,2019 Q3,455000,173,91000,364000
2019 Q3,Other EU,1123000,548,10983000,Visit friends or relatives,2019 Q3,341000,151,321000,20000
2019 Q3,Other EU,1123000,548,10983000,Miscellaneous,2019 Q3,30000,44,29000,1000
2019 Q3,Other EU,1123000,548,10983000,All visits,2019 Q3,1123000,548,708000,415000
2019 Q4,Other EU,1206000,560,8055000,Holiday - All,2019 Q4,278000,165,267000,11000
2019 Q4,Other EU,1206000,560,8055000,Holiday - Inclusive tour,2019 Q4,40000,22,35000,5000
2019 Q4,Other EU,1206000,560,8055000,Business,2019 Q4,429000,165,96000,333000
2019 Q4,Other EU,1206000,560,8055000,Visit friends or relatives,2019 Q4,450000,180,436000,14000
2019 Q4,Other EU,1206000,560,8055000,Miscellaneous,2019 Q4,49000,49,46000,3000
2019 Q4,Other EU,1206000,560,8055000,All visits,2019 Q4,1206000,560,846000,360000
2020 Q1,Other EU,36000,41,2090000,Holiday - All,2020 Q1,2000,2,2000,0
2020 Q1,Other EU,36000,41,2090000,Holiday - Inclusive tour,2020 Q1,0,0,0,0
2020 Q1,Other EU,36000,41,2090000,Business,2020 Q1,4000,4,4000,0
2020 Q1,Other EU,36000,41,2090000,Visit friends or relatives,2020 Q1,22000,23,21000,0
2020 Q1,Other EU,36000,41,2090000,Miscellaneous,2020 Q1,9000,12,9000,0
2020 Q1,Other EU,36000,41,2090000,All visits,2020 Q1,36000,41,36000,0
2020 Q2,Other EU,42000,44,2614000,Holiday - All,2020 Q2,2000,2,2000,0
2020 Q2,Other EU,42000,44,2614000,Holiday - Inclusive tour,2020 Q2,0,0,0,0
2020 Q2,Other EU,42000,44,2614000,Business,2020 Q2,7000,12,7000,0
2020 Q2,Other EU,42000,44,2614000,Visit friends or relatives,2020 Q2,27000,18,26000,0
2020 Q2,Other EU,42000,44,2614000,Miscellaneous,2020 Q2,6000,12,6000,0
2020 Q2,Other EU,42000,44,2614000,All visits,2020 Q2,42000,44,41000,1000
2020 Q3,Other EU,317000,142,3878000,Holiday - All,2020 Q3,35000,25,34000,0
2020 Q3,Other EU,317000,142,3878000,Holiday - Inclusive tour,2020 Q3,3000,1,3000,0
2020 Q3,Other EU,317000,142,3878000,Business,2020 Q3,135000,36,12000,123000
2020 Q3,Other EU,317000,142,3878000,Visit friends or relatives,2020 Q3,137000,73,133000,4000
2020 Q3,Other EU,317000,142,3878000,Miscellaneous,2020 Q3,10000,8,10000,0
2020 Q3,Other EU,317000,142,3878000,All visits,2020 Q3,317000,142,190000,127000
2020 Q4,Other EU,499000,208,3409000,Holiday - All,2020 Q4,49000,30,47000,2000
2020 Q4,Other EU,499000,208,3409000,Holiday - Inclusive tour,2020 Q4,5000,2,4000,1000
2020 Q4,Other EU,499000,208,3409000,Business,2020 Q4,222000,44,30000,192000
2020 Q4,Other EU,499000,208,3409000,Visit friends or relatives,2020 Q4,207000,114,201000,7000
2020 Q4,Other EU,499000,208,3409000,Miscellaneous,2020 Q4,21000,21,21000,0
2020 Q4,Other EU,499000,208,3409000,All visits,2020 Q4,499000,208,298000,201000
2021 Q1,Other EU,36000,41,2090000,Holiday - All,2021 Q1,2000,2,2000,0
2021 Q1,Other EU,36000,41,2090000,Holiday - Inclusive tour,2021 Q1,0,0,0,0
2021 Q1,Other EU,36000,41,2090000,Business,2021 Q1,4000,4,4000,0
2021 Q1,Other EU,36000,41,2090000,Visit friends or relatives,2021 Q1,22000,23,21000,0
2021 Q1,Other EU,36000,41,2090000,Miscellaneous,2021 Q1,9000,12,9000,0
2021 Q1,Other EU,36000,41,2090000,All visits,2021 Q1,36000,41,36000,0
2021 Q2,Other EU,42000,44,2614000,Holiday - All,2021 Q2,2000,2,2000,0
2021 Q2,Other EU,42000,44,2614000,Holiday - Inclusive tour,2021 Q2,0,0,0,0
2021 Q2,Other EU,42000,44,2614000,Business,2021 Q2,7000,12,7000,0
2021 Q2,Other EU,42000,44,2614000,Visit friends or relatives,2021 Q2,27000,18,26000,0
2021 Q2,Other EU,42000,44,2614000,Miscellaneous,2021 Q2,6000,12,6000,0
2021 Q2,Other EU,42000,44,2614000,All visits,2021 Q2,42000,44,41000,1000
2021 Q3,Other EU,317000,142,3878000,Holiday - All,2021 Q3,35000,25,34000,0
2021 Q3,Other EU,317000,142,3878000,Holiday - Inclusive tour,2021 Q3,3000,1,3000,0
2021 Q3,Other EU,317000,142,3878000,Business,2021 Q3,135000,36,12000,123000
2021 Q3,Other EU,317000,142,3878000,Visit friends or relatives,2021 Q3,137000,73,133000,4000
2021 Q3,Other EU,317000,142,3878000,Miscellaneous,2021 Q3,10000,8,10000,0
2021 Q3,Other EU,317000,142,3878000,All visits,2021 Q3,317000,142,190000,127000
2021 Q4,Other EU,499000,208,3409000,Holiday - All,2021 Q4,49000,30,47000,2000
2021 Q4,Other EU,499000,208,3409000,Holiday - Inclusive tour,2021 Q4,5000,2,4000,1000
2021 Q4,Other EU,499000,208,3409000,Business,2021 Q4,222000,44,30000,192000
2021 Q4,Other EU,499000,208,3409000,Visit friends or relatives,2021 Q4,207000,114,201000,7000
2021 Q4,Other EU,499000,208,3409000,Miscellaneous,2021 Q4,21000,21,21000,0
2021 Q4,Other EU,499000,208,3409000,All visits,2021 Q4,499000,208,298000,201000
2022 Q1,Other EU,506000,157,3479000,Holiday - All,2022 Q1,649000,35,68000,581000
2022 Q1,Other EU,506000,157,3479000,Holiday - Inclusive tour,2022 Q1,6000,1,4000,2000
2022 Q1,Other EU,506000,157,3479000,Business,2022 Q1,227000,37,18000,209000
2022 Q1,Other EU,506000,157,3479000,Visit friends or relatives,2022 Q1,199000,74,198000,1000
2022 Q1,Other EU,506000,157,3479000,Miscellaneous,2022 Q1,11000,11,11000,0
2022 Q1,Other EU,506000,157,3479000,All visits,2022 Q1,506000,157,294000,213000
2022 Q2,Other EU,746000,297,5087000,Holiday - All,2022 Q2,1162000,92,184000,979000
2022 Q2,Other EU,746000,297,5087000,Holiday - Inclusive tour,2022 Q2,14000,5,12000,2000
2022 Q2,Other EU,746000,297,5087000,Business,2022 Q2,212000,83,49000,163000
2022 Q2,Other EU,746000,297,5087000,Visit friends or relatives,2022 Q2,323000,105,320000,3000
2022 Q2,Other EU,746000,297,5087000,Miscellaneous,2022 Q2,25000,16,25000,0
2022 Q2,Other EU,746000,297,5087000,All visits,2022 Q2,746000,297,578000,168000
2022 Q3,Other EU,931000,407,6786000,Holiday - All,2022 Q3,1357000,120,196000,1162000
2022 Q3,Other EU,931000,407,6786000,Holiday - Inclusive tour,2022 Q3,24000,10,16000,8000
2022 Q3,Other EU,931000,407,6786000,Business,2022 Q3,379000,101,69000,310000
2022 Q3,Other EU,931000,407,6786000,Visit friends or relatives,2022 Q3,307000,139,292000,15000
2022 Q3,Other EU,931000,407,6786000,Miscellaneous,2022 Q3,41000,46,41000,1000
2022 Q3,Other EU,931000,407,6786000,All visits,2022 Q3,931000,407,597000,334000
2022 Q4,Other EU,1156000,528,7708000,Holiday - All,2022 Q4,1217000,124,211000,1005000
2022 Q4,Other EU,1156000,528,7708000,Holiday - Inclusive tour,2022 Q4,19000,11,16000,2000
2022 Q4,Other EU,1156000,528,7708000,Business,2022 Q4,373000,154,61000,312000
2022 Q4,Other EU,1156000,528,7708000,Visit friends or relatives,2022 Q4,538000,220,521000,17000
2022 Q4,Other EU,1156000,528,7708000,Miscellaneous,2022 Q4,31000,30,30000,1000
2022 Q4,Other EU,1156000,528,7708000,All visits,2022 Q4,1156000,528,823000,332000
2023 Q1,Other EU,1012000,304,6014000,Holiday - All,2023 Q1,228000,92,226000,2000
2023 Q1,Other EU,1012000,304,6014000,Holiday - Inclusive tour,2023 Q1,7000,2,7000,0
2023 Q1,Other EU,1012000,304,6014000,Business,2023 Q1,354000,75,63000,291000
2023 Q1,Other EU,1012000,304,6014000,Visit friends or relatives,2023 Q1,390000,119,383000,7000
2023 Q1,Other EU,1012000,304,6014000,Miscellaneous,2023 Q1,40000,16,40000,0
2023 Q1,Other EU,1012000,304,6014000,All visits,2023 Q1,1012000,304,712000,300000
2023 Q2,Other EU,978000,307,4924000,Holiday - All,2023 Q2,243000,119,235000,7000
2023 Q2,Other EU,978000,307,4924000,Holiday - Inclusive tour,2023 Q2,17000,10,14000,3000
2023 Q2,Other EU,978000,307,4924000,Business,2023 Q2,397000,62,72000,325000
2023 Q2,Other EU,978000,307,4924000,Visit friends or relatives,2023 Q2,308000,105,302000,6000
2023 Q2,Other EU,978000,307,4924000,Miscellaneous,2023 Q2,31000,20,30000,2000
2023 Q2,Other EU,978000,307,4924000,All visits,2023 Q2,978000,307,639000,339000
2023 Q3,Other EU,1015000,446,6944000,Holiday - All,2023 Q3,214000,112,194000,20000
2023 Q3,Other EU,1015000,446,6944000,Holiday - Inclusive tour,2023 Q3,19000,11,18000,0
2023 Q3,Other EU,1015000,446,6944000,Business,2023 Q3,435000,162,92000,343000
2023 Q3,Other EU,1015000,446,6944000,Visit friends or relatives,2023 Q3,339000,147,330000,9000
2023 Q3,Other EU,1015000,446,6944000,Miscellaneous,2023 Q3,26000,23,25000,2000
2023 Q3,Other EU,1015000,446,6944000,All visits,2023 Q3,1015000,446,641000,374000
2023 Q4,Other EU,1021000,422,4837000,Holiday - All,2023 Q4,303000,175,293000,10000
2023 Q4,Other EU,1021000,422,4837000,Holiday - Inclusive tour,2023 Q4,18000,11,18000,0
2023 Q4,Other EU,1021000,422,4837000,Business,2023 Q4,346000,68,54000,293000
2023 Q4,Other EU,1021000,422,4837000,Visit friends or relatives,2023 Q4,338000,154,334000,4000
2023 Q4,Other EU,1021000,422,4837000,Miscellaneous,2023 Q4,34000,24,32000,2000
2023 Q4,Other EU,1021000,422,4837000,All visits,2023 Q4,1021000,422,713000,309000
2019,Other Countries,8191000,11123,103597000,Holiday - All,2019,3857000,5150,3214000,643000
2019,Other Countries,8191000,11123,103597000,Holiday - Inclusive tour,2019,547000,571,357000,190000
2019,Other Countries,8191000,11123,103597000,Business,2019,1117000,1771,1061000,56000
2019,Other Countries,8191000,11123,103597000,Visit friends or relatives,2019,2480000,2607,2399000,81000
2019,Other Countries,8191000,11123,103597000,Miscellaneous,2019,738000,1587,699000,39000
2019,Other Countries,8191000,11123,103597000,All visits,2019,8191000,11123,7373000,819000
2020,Other Countries,1942000,,,Holiday - All,2020,,,,
2020,Other Countries,1942000,,,Holiday - Inclusive tour,2020,,,,
2020,Other Countries,1942000,,,Business,2020,,,,
2020,Other Countries,1942000,,,Visit friends or relatives,2020,,,,
2020,Other Countries,1942000,,,Miscellaneous,2020,,,,
2020,Other Countries,1942000,,,All visits,2020,1942000,,,
2021,Other Countries,759000,1817,26441000,Holiday - All,2021,181000,444,163000,18000
2021,Other Countries,759000,1817,26441000,Holiday - Inclusive tour,2021,6000,15,6000,0
2021,Other Countries,759000,1817,26441000,Business,2021,66000,156,62000,4000
2021,Other Countries,759000,1817,26441000,Visit friends or relatives,2021,417000,736,405000,12000
2021,Other Countries,759000,1817,26441000,Miscellaneous,2021,95000,481,92000,2000
2021,Other Countries,759000,1817,26441000,All visits,2021,759000,1817,723000,36000
2022,Other Countries,4782000,7922,85732000,Holiday - All,2022,1760000,3039,1471000,288000
2022,Other Countries,4782000,7922,85732000,Holiday - Inclusive tour,2022,104000,206,76000,28000
2022,Other Countries,4782000,7922,85732000,Business,2022,499000,1267,466000,34000
2022,Other Countries,4782000,7922,85732000,Visit friends or relatives,2022,2146000,2840,2031000,115000
2022,Other Countries,4782000,7922,85732000,Miscellaneous,2022,377000,767,351000,25000
2022,Other Countries,4782000,7922,85732000,All visits,2022,4782000,7922,4319000,463000
2023,Other Countries,7009000,10417,106996000,Holiday - All,2023,3006000,4474,2574000,433000
2023,Other Countries,7009000,10417,106996000,Holiday - Inclusive tour,2023,230000,298,168000,62000
2023,Other Countries,7009000,10417,106996000,Business,2023,708000,1471,676000,32000
2023,Other Countries,7009000,10417,106996000,Visit friends or relatives,2023,2702000,3184,2554000,148000
2023,Other Countries,7009000,10417,106996000,Miscellaneous,2023,592000,1274,567000,25000
2023,Other Countries,7009000,10417,106996000,All visits,2023,7009000,10417,6371000,638000
2019 Q1,Other Countries,1388000,1755,16442000,Holiday - All,2019 Q1,668000,905,577000,91000
2019 Q1,Other Countries,1388000,1755,16442000,Holiday - Inclusive tour,2019 Q1,70000,53,51000,19000
2019 Q1,Other Countries,1388000,1755,16442000,Business,2019 Q1,190000,306,185000,6000
2019 Q1,Other Countries,1388000,1755,16442000,Visit friends or relatives,2019 Q1,431000,403,424000,7000
2019 Q1,Other Countries,1388000,1755,16442000,Miscellaneous,2019 Q1,99000,140,91000,8000
2019 Q1,Other Countries,1388000,1755,16442000,All visits,2019 Q1,1388000,1755,1276000,112000
2019 Q2,Other Countries,1948000,2470,24620000,Holiday - All,2019 Q2,897000,1057,715000,182000
2019 Q2,Other Countries,1948000,2470,24620000,Holiday - Inclusive tour,2019 Q2,160000,139,91000,69000
2019 Q2,Other Countries,1948000,2470,24620000,Business,2019 Q2,324000,463,296000,28000
2019 Q2,Other Countries,1948000,2470,24620000,Visit friends or relatives,2019 Q2,581000,697,565000,16000
2019 Q2,Other Countries,1948000,2470,24620000,Miscellaneous,2019 Q2,145000,250,141000,5000
2019 Q2,Other Countries,1948000,2470,24620000,All visits,2019 Q2,1948000,2470,1717000,231000
2019 Q3,Other Countries,2963000,3880,39535000,Holiday - All,2019 Q3,1434000,1898,1220000,214000
2019 Q3,Other Countries,2963000,3880,39535000,Holiday - Inclusive tour,2019 Q3,208000,236,151000,57000
2019 Q3,Other Countries,2963000,3880,39535000,Business,2019 Q3,299000,470,285000,14000
2019 Q3,Other Countries,2963000,3880,39535000,Visit friends or relatives,2019 Q3,914000,935,870000,44000
2019 Q3,Other Countries,2963000,3880,39535000,Miscellaneous,2019 Q3,317000,574,297000,20000
2019 Q3,Other Countries,2963000,3880,39535000,All visits,2019 Q3,2963000,3880,2671000,292000
2019 Q4,Other Countries,1891000,3018,22999000,Holiday - All,2019 Q4,857000,1290,701000,156000
2019 Q4,Other Countries,1891000,3018,22999000,Holiday - Inclusive tour,2019 Q4,109000,144,64000,45000
2019 Q4,Other Countries,1891000,3018,22999000,Business,2019 Q4,304000,532,295000,9000
2019 Q4,Other Countries,1891000,3018,22999000,Visit friends or relatives,2019 Q4,554000,571,540000,13000
2019 Q4,Other Countries,1891000,3018,22999000,Miscellaneous,2019 Q4,177000,623,171000,6000
2019 Q4,Other Countries,1891000,3018,22999000,All visits,2019 Q4,1891000,3018,1708000,183000
2020 Q1,Other Countries,56000,113,3960000,Holiday - All,2020 Q1,2000,5,2000,0
2020 Q1,Other Countries,56000,113,3960000,Holiday - Inclusive tour,2020 Q1,0,0,0,0
2020 Q1,Other Countries,56000,113,3960000,Business,2020 Q1,3000,9,3000,0
2020 Q1,Other Countries,56000,113,3960000,Visit friends or relatives,2020 Q1,37000,66,37000,0
2020 Q1,Other Countries,56000,113,3960000,Miscellaneous,2020 Q1,13000,32,13000,0
2020 Q1,Other Countries,56000,113,3960000,All visits,2020 Q1,56000,113,55000,0
2020 Q2,Other Countries,53000,231,3745000,Holiday - All,2020 Q2,4000,9,4000,0
2020 Q2,Other Countries,53000,231,3745000,Holiday - Inclusive tour,2020 Q2,0,0,0,0
2020 Q2,Other Countries,53000,231,3745000,Business,2020 Q2,5000,15,5000,0
2020 Q2,Other Countries,53000,231,3745000,Visit friends or relatives,2020 Q2,32000,49,31000,0
2020 Q2,Other Countries,53000,231,3745000,Miscellaneous,2020 Q2,13000,158,12000,0
2020 Q2,Other Countries,53000,231,3745000,All visits,2020 Q2,53000,231,52000,1000
2020 Q3,Other Countries,222000,565,9810000,Holiday - All,2020 Q3,44000,129,44000,1000
2020 Q3,Other Countries,222000,565,9810000,Holiday - Inclusive tour,2020 Q3,1000,1,1000,0
2020 Q3,Other Countries,222000,565,9810000,Business,2020 Q3,11000,33,11000,0
2020 Q3,Other Countries,222000,565,9810000,Visit friends or relatives,2020 Q3,136000,263,135000,1000
2020 Q3,Other Countries,222000,565,9810000,Miscellaneous,2020 Q3,30000,140,30000,0
2020 Q3,Other Countries,222000,565,9810000,All visits,2020 Q3,222000,565,219000,3000
2020 Q4,Other Countries,428000,909,8926000,Holiday - All,2020 Q4,130000,300,113000,17000
2020 Q4,Other Countries,428000,909,8926000,Holiday - Inclusive tour,2020 Q4,4000,14,4000,0
2020 Q4,Other Countries,428000,909,8926000,Business,2020 Q4,48000,99,44000,3000
2020 Q4,Other Countries,428000,909,8926000,Visit friends or relatives,2020 Q4,212000,358,202000,10000
2020 Q4,Other Countries,428000,909,8926000,Miscellaneous,2020 Q4,39000,152,37000,2000
2020 Q4,Other Countries,428000,909,8926000,All visits,2020 Q4,428000,909,396000,32000
2021 Q1,Other Countries,56000,113,3960000,Holiday - All,2021 Q1,2000,5,2000,0
2021 Q1,Other Countries,56000,113,3960000,Holiday - Inclusive tour,2021 Q1,0,0,0,0
2021 Q1,Other Countries,56000,113,3960000,Business,2021 Q1,3000,9,3000,0
2021 Q1,Other Countries,56000,113,3960000,Visit friends or relatives,2021 Q1,37000,66,37000,0
2021 Q1,Other Countries,56000,113,3960000,Miscellaneous,2021 Q1,13000,32,13000,0
2021 Q1,Other Countries,56000,113,3960000,All visits,2021 Q1,56000,113,55000,0
2021 Q2,Other Countries,53000,231,3745000,Holiday - All,2021 Q2,4000,9,4000,0
2021 Q2,Other Countries,53000,231,3745000,Holiday - Inclusive tour,2021 Q2,0,0,0,0
2021 Q2,Other Countries,53000,231,3745000,Business,2021 Q2,5000,15,5000,0
2021 Q2,Other Countries,53000,231,3745000,Visit friends or relatives,2021 Q2,32000,49,31000,0
2021 Q2,Other Countries,53000,231,3745000,Miscellaneous,2021 Q2,13000,158,12000,0
2021 Q2,Other Countries,53000,231,3745000,All visits,2021 Q2,53000,231,52000,1000
2021 Q3,Other Countries,222000,565,9810000,Holiday - All,2021 Q3,44000,129,44000,1000
2021 Q3,Other Countries,222000,565,9810000,Holiday - Inclusive tour,2021 Q3,1000,1,1000,0
2021 Q3,Other Countries,222000,565,9810000,Business,2021 Q3,11000,33,11000,0
2021 Q3,Other Countries,222000,565,9810000,Visit friends or relatives,2021 Q3,136000,263,135000,1000
2021 Q3,Other Countries,222000,565,9810000,Miscellaneous,2021 Q3,30000,140,30000,0
2021 Q3,Other Countries,222000,565,9810000,All visits,2021 Q3,222000,565,219000,3000
2021 Q4,Other Countries,428000,909,8926000,Holiday - All,2021 Q4,130000,300,113000,17000
2021 Q4,Other Countries,428000,909,8926000,Holiday - Inclusive tour,2021 Q4,4000,14,4000,0
2021 Q4,Other Countries,428000,909,8926000,Business,2021 Q4,48000,99,44000,3000
2021 Q4,Other Countries,428000,909,8926000,Visit friends or relatives,2021 Q4,212000,358,202000,10000
2021 Q4,Other Countries,428000,909,8926000,Miscellaneous,2021 Q4,39000,152,37000,2000
2021 Q4,Other Countries,428000,909,8926000,All visits,2021 Q4,428000,909,396000,32000
2022 Q1,Other Countries,508000,992,12516000,Holiday - All,2022 Q1,157000,360,129000,28000
2022 Q1,Other Countries,508000,992,12516000,Holiday - Inclusive tour,2022 Q1,6000,14,6000,0
2022 Q1,Other Countries,508000,992,12516000,Business,2022 Q1,50000,135,45000,5000
2022 Q1,Other Countries,508000,992,12516000,Visit friends or relatives,2022 Q1,258000,387,248000,10000
2022 Q1,Other Countries,508000,992,12516000,Miscellaneous,2022 Q1,43000,110,40000,2000
2022 Q1,Other Countries,508000,992,12516000,All visits,2022 Q1,508000,992,463000,44000
2022 Q2,Other Countries,1181000,1960,19279000,Holiday - All,2022 Q2,439000,752,365000,74000
2022 Q2,Other Countries,1181000,1960,19279000,Holiday - Inclusive tour,2022 Q2,20000,35,13000,8000
2022 Q2,Other Countries,1181000,1960,19279000,Business,2022 Q2,152000,353,140000,12000
2022 Q2,Other Countries,1181000,1960,19279000,Visit friends or relatives,2022 Q2,490000,644,451000,38000
2022 Q2,Other Countries,1181000,1960,19279000,Miscellaneous,2022 Q2,100000,208,90000,10000
2022 Q2,Other Countries,1181000,1960,19279000,All visits,2022 Q2,1181000,1960,1046000,134000
2022 Q3,Other Countries,1706000,2729,32158000,Holiday - All,2022 Q3,653000,1094,557000,96000
2022 Q3,Other Countries,1706000,2729,32158000,Holiday - Inclusive tour,2022 Q3,51000,105,35000,16000
2022 Q3,Other Countries,1706000,2729,32158000,Business,2022 Q3,129000,332,120000,9000
2022 Q3,Other Countries,1706000,2729,32158000,Visit friends or relatives,2022 Q3,794000,1054,759000,35000
2022 Q3,Other Countries,1706000,2729,32158000,Miscellaneous,2022 Q3,130000,246,127000,3000
2022 Q3,Other Countries,1706000,2729,32158000,All visits,2022 Q3,1706000,2729,1563000,143000
2022 Q4,Other Countries,1388000,2242,21780000,Holiday - All,2022 Q4,511000,833,420000,91000
2022 Q4,Other Countries,1388000,2242,21780000,Holiday - Inclusive tour,2022 Q4,27000,52,23000,4000
2022 Q4,Other Countries,1388000,2242,21780000,Business,2022 Q4,169000,447,160000,8000
2022 Q4,Other Countries,1388000,2242,21780000,Visit friends or relatives,2022 Q4,605000,755,573000,32000
2022 Q4,Other Countries,1388000,2242,21780000,Miscellaneous,2022 Q4,104000,203,94000,10000
2022 Q4,Other Countries,1388000,2242,21780000,All visits,2022 Q4,1388000,2242,1247000,141000
2023 Q1,Other Countries,1225000,1881,18919000,Holiday - All,2023 Q1,500000,710,410000,90000
2023 Q1,Other Countries,1225000,1881,18919000,Holiday - Inclusive tour,2023 Q1,37000,32,22000,15000
2023 Q1,Other Countries,1225000,1881,18919000,Business,2023 Q1,121000,264,119000,3000
2023 Q1,Other Countries,1225000,1881,18919000,Visit friends or relatives,2023 Q1,489000,606,468000,21000
2023 Q1,Other Countries,1225000,1881,18919000,Miscellaneous,2023 Q1,115000,300,109000,6000
2023 Q1,Other Countries,1225000,1881,18919000,All visits,2023 Q1,1225000,1881,1105000,120000
2023 Q2,Other Countries,1694000,2398,25791000,Holiday - All,2023 Q2,768000,1064,647000,121000
2023 Q2,Other Countries,1694000,2398,25791000,Holiday - Inclusive tour,2023 Q2,61000,55,38000,23000
2023 Q2,Other Countries,1694000,2398,25791000,Business,2023 Q2,181000,376,169000,12000
2023 Q2,Other Countries,1694000,2398,25791000,Visit friends or relatives,2023 Q2,628000,677,587000,41000
2023 Q2,Other Countries,1694000,2398,25791000,Miscellaneous,2023 Q2,117000,278,113000,4000
2023 Q2,Other Countries,1694000,2398,25791000,All visits,2023 Q2,1694000,2398,1517000,178000
2023 Q3,Other Countries,2401000,3650,38652000,Holiday - All,2023 Q3,1066000,1702,926000,141000
2023 Q3,Other Countries,2401000,3650,38652000,Holiday - Inclusive tour,2023 Q3,91000,138,77000,13000
2023 Q3,Other Countries,2401000,3650,38652000,Business,2023 Q3,183000,437,173000,10000
2023 Q3,Other Countries,2401000,3650,38652000,Visit friends or relatives,2023 Q3,937000,1090,887000,50000
2023 Q3,Other Countries,2401000,3650,38652000,Miscellaneous,2023 Q3,214000,412,202000,12000
2023 Q3,Other Countries,2401000,3650,38652000,All visits,2023 Q3,2401000,3650,2188000,213000
2023 Q4,Other Countries,1688000,2489,23635000,Holiday - All,2023 Q4,672000,997,591000,81000
2023 Q4,Other Countries,1688000,2489,23635000,Holiday - Inclusive tour,2023 Q4,41000,74,30000,11000
2023 Q4,Other Countries,1688000,2489,23635000,Business,2023 Q4,222000,395,215000,7000
2023 Q4,Other Countries,1688000,2489,23635000,Visit friends or relatives,2023 Q4,648000,811,612000,36000
2023 Q4,Other Countries,1688000,2489,23635000,Miscellaneous,2023 Q4,146000,284,143000,3000
2023 Q4,Other Countries,1688000,2489,23635000,All visits,2023 Q4,1688000,2489,1561000,127000
2019,World Total,40857000,28448,289628000,Holiday - All,2019,16905000,13341,13145000,3760000
2019,World Total,40857000,28448,289628000,Holiday - Inclusive tour,2019,2578000,1987,1776000,802000
2019,World Total,40857000,28448,289628000,Business,2019,8670000,5823,5804000,2865000
2019,World Total,40857000,28448,289628000,Visit friends or relatives,2019,12427000,6408,10725000,1702000
2019,World Total,40857000,28448,289628000,Miscellaneous,2019,2855000,2836,2462000,393000
2019,World Total,40857000,28448,289628000,All visits,2019,40857000,28448,32137000,8720000
2020,World Total,11101000,6210,,Holiday - All,2020,,,,
2020,World Total,11101000,6210,,Holiday - Inclusive tour,2020,,,,
2020,World Total,11101000,6210,,Business,2020,,,,
2020,World Total,11101000,6210,,Visit friends or relatives,2020,,,,
2020,World Total,11101000,6210,,Miscellaneous,2020,,,,
2020,World Total,11101000,6210,,All visits,2020,11101000,6210,,
2021,World Total,6384000,5646,93522000,Holiday - All,2021,1175000,1284,958000,217000
2021,World Total,6384000,5646,93522000,Holiday - Inclusive tour,2021,75000,67,55000,20000
2021,World Total,6384000,5646,93522000,Business,2021,1222000,939,586000,637000
2021,World Total,6384000,5646,93522000,Visit friends or relatives,2021,3456000,2395,2919000,537000
2021,World Total,6384000,5646,93522000,Miscellaneous,2021,530000,1021,460000,70000
2021,World Total,6384000,5646,93522000,All visits,2021,6384000,5646,4923000,1461000
2022,World Total,31244000,26497,262864000,Holiday - All,2022,12092000,11567,9758000,2334000
2022,World Total,31244000,26497,262864000,Holiday - Inclusive tour,2022,937000,1136,725000,211000
2022,World Total,31244000,26497,262864000,Business,2022,5149000,4982,3171000,1978000
2022,World Total,31244000,26497,262864000,Visit friends or relatives,2022,11781000,7558,10155000,1625000
2022,World Total,31244000,26497,262864000,Miscellaneous,2022,2223000,2351,1996000,226000
2022,World Total,31244000,26497,262864000,All visits,2022,31244000,26497,25080000,6164000
2023,World Total,37959000,31075,292870000,Holiday - All,2023,15883000,14879,12914000,2970000
2023,World Total,37959000,31075,292870000,Holiday - Inclusive tour,2023,1382000,1459,1083000,299000
2023,World Total,37959000,31075,292870000,Business,2023,6476000,5241,4149000,2327000
2023,World Total,37959000,31075,292870000,Visit friends or relatives,2023,12848000,8143,11183000,1665000
2023,World Total,37959000,31075,292870000,Miscellaneous,2023,2753000,2744,2528000,225000
2023,World Total,37959000,31075,292870000,All visits,2023,37959000,31075,30774000,7186000
2019 Q1,World Total,8332000,4805,50657000,Holiday - All,2019 Q1,2965000,2077,2384000,581000
2019 Q1,World Total,8332000,4805,50657000,Holiday - Inclusive tour,2019 Q1,357000,244,264000,92000
2019 Q1,World Total,8332000,4805,50657000,Business,2019 Q1,2124000,1193,1333000,791000
2019 Q1,World Total,8332000,4805,50657000,Visit friends or relatives,2019 Q1,2670000,1163,2283000,388000
2019 Q1,World Total,8332000,4805,50657000,Miscellaneous,2019 Q1,573000,364,487000,86000
2019 Q1,World Total,8332000,4805,50657000,All visits,2019 Q1,8332000,4805,6486000,1846000
2019 Q2,World Total,10364000,6896,69214000,Holiday - All,2019 Q2,4508000,3272,3441000,1067000
2019 Q2,World Total,10364000,6896,69214000,Holiday - Inclusive tour,2019 Q2,883000,613,541000,342000
2019 Q2,World Total,10364000,6896,69214000,Business,2019 Q2,2189000,1484,1466000,723000
2019 Q2,World Total,10364000,6896,69214000,Visit friends or relatives,2019 Q2,2995000,1568,2591000,404000
2019 Q2,World Total,10364000,6896,69214000,Miscellaneous,2019 Q2,673000,560,576000,97000
2019 Q2,World Total,10364000,6896,69214000,All visits,2019 Q2,10364000,6896,8074000,2290000
2019 Q3,World Total,11864000,9193,102784000,Holiday - All,2019 Q3,5365000,4721,4037000,1328000
2019 Q3,World Total,11864000,9193,102784000,Holiday - Inclusive tour,2019 Q3,798000,729,574000,224000
2019 Q3,World Total,11864000,9193,102784000,Business,2019 Q3,2157000,1510,1464000,693000
2019 Q3,World Total,11864000,9193,102784000,Visit friends or relatives,2019 Q3,3430000,2025,2940000,489000
2019 Q3,World Total,11864000,9193,102784000,Miscellaneous,2019 Q3,912000,923,778000,134000
2019 Q3,World Total,11864000,9193,102784000,All visits,2019 Q3,11864000,9193,9220000,2644000
2019 Q4,World Total,10297000,7555,66973000,Holiday - All,2019 Q4,4068000,3270,3283000,785000
2019 Q4,World Total,10297000,7555,66973000,Holiday - Inclusive tour,2019 Q4,540000,402,396000,144000
2019 Q4,World Total,10297000,7555,66973000,Business,2019 Q4,2200000,1635,1542000,658000
2019 Q4,World Total,10297000,7555,66973000,Visit friends or relatives,2019 Q4,3333000,1651,2912000,421000
2019 Q4,World Total,10297000,7555,66973000,Miscellaneous,2019 Q4,697000,989,621000,76000
2019 Q4,World Total,10297000,7555,66973000,All visits,2019 Q4,10297000,7555,8357000,1941000
2020 Q1,World Total,245000,287,11969000,Holiday - All,2020 Q1,8000,11,8000,0
2020 Q1,World Total,245000,287,11969000,Holiday - Inclusive tour,2020 Q1,1000,0,1000,0
2020 Q1,World Total,245000,287,11969000,Business,2020 Q1,34000,38,21000,14000
2020 Q1,World Total,245000,287,11969000,Visit friends or relatives,2020 Q1,151000,152,136000,15000
2020 Q1,World Total,245000,287,11969000,Miscellaneous,2020 Q1,51000,86,43000,8000
2020 Q1,World Total,245000,287,11969000,All visits,2020 Q1,245000,287,207000,38000
2020 Q2,World Total,346000,545,14775000,Holiday - All,2020 Q2,17000,31,14000,3000
2020 Q2,World Total,346000,545,14775000,Holiday - Inclusive tour,2020 Q2,1000,2,1000,0
2020 Q2,World Total,346000,545,14775000,Business,2020 Q2,56000,88,45000,11000
2020 Q2,World Total,346000,545,14775000,Visit friends or relatives,2020 Q2,216000,188,180000,35000
2020 Q2,World Total,346000,545,14775000,Miscellaneous,2020 Q2,58000,238,50000,8000
2020 Q2,World Total,346000,545,14775000,All visits,2020 Q2,346000,545,289000,57000
2020 Q3,World Total,2040000,1775,31896000,Holiday - All,2020 Q3,313000,375,269000,44000
2020 Q3,World Total,2040000,1775,31896000,Holiday - Inclusive tour,2020 Q3,14000,9,10000,3000
2020 Q3,World Total,2040000,1775,31896000,Business,2020 Q3,344000,243,153000,192000
2020 Q3,World Total,2040000,1775,31896000,Visit friends or relatives,2020 Q3,1225000,881,1069000,156000
2020 Q3,World Total,2040000,1775,31896000,Miscellaneous,2020 Q3,157000,273,143000,14000
2020 Q3,World Total,2040000,1775,31896000,All visits,2020 Q3,2040000,1775,1634000,406000
2020 Q4,World Total,3753000,3039,34882000,Holiday - All,2020 Q4,837000,868,668000,170000
2020 Q4,World Total,3753000,3039,34882000,Holiday - Inclusive tour,2020 Q4,59000,54,43000,16000
2020 Q4,World Total,3753000,3039,34882000,Business,2020 Q4,788000,570,367000,420000
2020 Q4,World Total,3753000,3039,34882000,Visit friends or relatives,2020 Q4,1864000,1174,1534000,331000
2020 Q4,World Total,3753000,3039,34882000,Miscellaneous,2020 Q4,264000,424,224000,40000
2020 Q4,World Total,3753000,3039,34882000,All visits,2020 Q4,3753000,3039,2793000,961000
2021 Q1,World Total,245000,287,11969000,Holiday - All,2021 Q1,8000,11,8000,0
2021 Q1,World Total,245000,287,11969000,Holiday - Inclusive tour,2021 Q1,1000,0,1000,0
2021 Q1,World Total,245000,287,11969000,Business,2021 Q1,34000,38,21000,14000
2021 Q1,World Total,245000,287,11969000,Visit friends or relatives,2021 Q1,151000,152,136000,15000
2021 Q1,World Total,245000,287,11969000,Miscellaneous,2021 Q1,51000,86,43000,8000
2021 Q1,World Total,245000,287,11969000,All visits,2021 Q1,245000,287,207000,38000
2021 Q2,World Total,346000,545,14775000,Holiday - All,2021 Q2,17000,31,14000,3000
2021 Q2,World Total,346000,545,14775000,Holiday - Inclusive tour,2021 Q2,1000,2,1000,0
2021 Q2,World Total,346000,545,14775000,Business,2021 Q2,56000,88,45000,11000
2021 Q2,World Total,346000,545,14775000,Visit friends or relatives,2021 Q2,216000,188,180000,35000
2021 Q2,World Total,346000,545,14775000,Miscellaneous,2021 Q2,58000,238,50000,8000
2021 Q2,World Total,346000,545,14775000,All visits,2021 Q2,346000,545,289000,57000
2021 Q3,World Total,2040000,1775,31896000,Holiday - All,2021 Q3,313000,375,269000,44000
2021 Q3,World Total,2040000,1775,31896000,Holiday - Inclusive tour,2021 Q3,14000,9,10000,3000
2021 Q3,World Total,2040000,1775,31896000,Business,2021 Q3,344000,243,153000,192000
2021 Q3,World Total,2040000,1775,31896000,Visit friends or relatives,2021 Q3,1225000,881,1069000,156000
2021 Q3,World Total,2040000,1775,31896000,Miscellaneous,2021 Q3,157000,273,143000,14000
2021 Q3,World Total,2040000,1775,31896000,All visits,2021 Q3,2040000,1775,1634000,406000
2021 Q4,World Total,3753000,3039,34882000,Holiday - All,2021 Q4,837000,868,668000,170000
2021 Q4,World Total,3753000,3039,34882000,Holiday - Inclusive tour,2021 Q4,59000,54,43000,16000
2021 Q4,World Total,3753000,3039,34882000,Business,2021 Q4,788000,570,367000,420000
2021 Q4,World Total,3753000,3039,34882000,Visit friends or relatives,2021 Q4,1864000,1174,1534000,331000
2021 Q4,World Total,3753000,3039,34882000,Miscellaneous,2021 Q4,264000,424,224000,40000
2021 Q4,World Total,3753000,3039,34882000,All visits,2021 Q4,3753000,3039,2793000,961000
2022 Q1,World Total,3743000,2852,36558000,Holiday - All,2022 Q1,944000,865,772000,172000
2022 Q1,World Total,3743000,2852,36558000,Holiday - Inclusive tour,2022 Q1,40000,33,34000,6000
2022 Q1,World Total,3743000,2852,36558000,Business,2022 Q1,802000,572,349000,453000
2022 Q1,World Total,3743000,2852,36558000,Visit friends or relatives,2022 Q1,1738000,1088,1444000,294000
2022 Q1,World Total,3743000,2852,36558000,Miscellaneous,2022 Q1,259000,324,221000,38000
2022 Q1,World Total,3743000,2852,36558000,All visits,2022 Q1,3743000,2852,2786000,957000
2022 Q2,World Total,7957000,6847,63065000,Holiday - All,2022 Q2,3295000,3141,2596000,699000
2022 Q2,World Total,7957000,6847,63065000,Holiday - Inclusive tour,2022 Q2,254000,338,184000,70000
2022 Q2,World Total,7957000,6847,63065000,Business,2022 Q2,1289000,1344,856000,434000
2022 Q2,World Total,7957000,6847,63065000,Visit friends or relatives,2022 Q2,2856000,1753,2433000,424000
2022 Q2,World Total,7957000,6847,63065000,Miscellaneous,2022 Q2,517000,597,449000,68000
2022 Q2,World Total,7957000,6847,63065000,All visits,2022 Q2,7957000,6847,6333000,1624000
2022 Q3,World Total,9946000,9066,91255000,Holiday - All,2022 Q3,4306000,4442,3400000,906000
2022 Q3,World Total,9946000,9066,91255000,Holiday - Inclusive tour,2022 Q3,374000,505,288000,85000
2022 Q3,World Total,9946000,9066,91255000,Business,2022 Q3,1449000,1419,942000,507000
2022 Q3,World Total,9946000,9066,91255000,Visit friends or relatives,2022 Q3,3468000,2542,3026000,442000
2022 Q3,World Total,9946000,9066,91255000,Miscellaneous,2022 Q3,723000,649,655000,68000
2022 Q3,World Total,9946000,9066,91255000,All visits,2022 Q3,9946000,9066,8023000,1923000
2022 Q4,World Total,9598000,7732,71987000,Holiday - All,2022 Q4,3547000,3118,2990000,557000
2022 Q4,World Total,9598000,7732,71987000,Holiday - Inclusive tour,2022 Q4,269000,259,220000,50000
2022 Q4,World Total,9598000,7732,71987000,Business,2022 Q4,1609000,1647,1024000,585000
2022 Q4,World Total,9598000,7732,71987000,Visit friends or relatives,2022 Q4,3718000,2174,3253000,466000
2022 Q4,World Total,9598000,7732,71987000,Miscellaneous,2022 Q4,723000,782,671000,53000
2022 Q4,World Total,9598000,7732,71987000,All visits,2022 Q4,9598000,7732,7938000,1660000
2023 Q1,World Total,7686000,5621,55215000,Holiday - All,2023 Q1,2769000,2113,2343000,426000
2023 Q1,World Total,7686000,5621,55215000,Holiday - Inclusive tour,2023 Q1,174000,138,146000,28000
2023 Q1,World Total,7686000,5621,55215000,Business,2023 Q1,1417000,1127,879000,538000
2023 Q1,World Total,7686000,5621,55215000,Visit friends or relatives,2023 Q1,2852000,1670,2485000,367000
2023 Q1,World Total,7686000,5621,55215000,Miscellaneous,2023 Q1,647000,698,606000,41000
2023 Q1,World Total,7686000,5621,55215000,All visits,2023 Q1,7686000,5621,6313000,1372000
2023 Q2,World Total,9906000,7913,72968000,Holiday - All,2023 Q2,4396000,4117,3528000,868000
2023 Q2,World Total,9906000,7913,72968000,Holiday - Inclusive tour,2023 Q2,380000,377,273000,108000
2023 Q2,World Total,9906000,7913,72968000,Business,2023 Q2,1696000,1263,1134000,562000
2023 Q2,World Total,9906000,7913,72968000,Visit friends or relatives,2023 Q2,3120000,1911,2695000,425000
2023 Q2,World Total,9906000,7913,72968000,Miscellaneous,2023 Q2,694000,606,624000,69000
2023 Q2,World Total,9906000,7913,72968000,All visits,2023 Q2,9906000,7913,7981000,1925000
2023 Q3,World Total,10928000,10113,99845000,Holiday - All,2023 Q3,4961000,5366,3815000,1146000
2023 Q3,World Total,10928000,10113,99845000,Holiday - Inclusive tour,2023 Q3,518000,690,406000,112000
2023 Q3,World Total,10928000,10113,99845000,Business,2023 Q3,1587000,1435,982000,605000
2023 Q3,World Total,10928000,10113,99845000,Visit friends or relatives,2023 Q3,3597000,2467,3142000,455000
2023 Q3,World Total,10928000,10113,99845000,Miscellaneous,2023 Q3,782000,818,710000,72000
2023 Q3,World Total,10928000,10113,99845000,All visits,2023 Q3,10928000,10113,8649000,2278000
2023 Q4,World Total,9441000,7428,64842000,Holiday - All,2023 Q4,3758000,3283,3228000,529000
2023 Q4,World Total,9441000,7428,64842000,Holiday - Inclusive tour,2023 Q4,310000,254,258000,52000
2023 Q4,World Total,9441000,7428,64842000,Business,2023 Q4,1775000,1417,1153000,621000
2023 Q4,World Total,9441000,7428,64842000,Visit friends or relatives,2023 Q4,3279000,2094,2862000,417000
2023 Q4,World Total,9441000,7428,64842000,Miscellaneous,2023 Q4,630000,622,587000,42000
2023 Q4,World Total,9441000,7428,64842000,All visits,2023 Q4,9441000,7428,7831000,1610000
